100675011	101297
10210117051	302449
10210117051	302453
10216412051	112928
10216414051	407068
10219786051	101737
10219786051	112779
10219786051	565510
10220351051	565458
10220351051	567180
10220351051	567829
10220371051	101893
10220371051	111967
10220371051	201926
10220371051	204309
10220371051	216678
10220371051	403735
10220371051	565832
10223546051	204202
1025478	401026
10282233051	200832
10282233051	551711
10282234051	200832
10282235051	200832
10282237051	101828
10282237051	200832
10285332051	210427
10285355051	563338
10285379051	402796
10290223051	101914
10290223051	205272
10290223051	406704
10294358051	101914
10294358051	566392
10303086051	101848
10303086051	401323
10303086051	402279
10303086051	407036
10303086051	559275
10303086051	566148
10305501051	215339
10305502051	112110
10305502051	201598
10305502051	201632
10305503051	201632
10305503051	215339
10305503051	508241
10305504051	201599
10305504051	201612
10305504051	201632
10305504051	215339
10305504051	559275
10305504051	566810
10305505051	508241
10305506051	201632
10305509051	201632
10306253051	101828
10306253051	110238
10306253051	111377
10306271051	304406
10306271051	510269
10306272051	112919
10306272051	563748
10306464051	112928
10306464051	407079
10306466051	564897
10311560051	566392
10311651051	101828
10311651051	205275
10311652051	213887
10311653051	101828
10325823051	216681
10325827051	101737
10325827051	112779
10325827051	401643
10325839051	200181
10325839051	565859
10325853051	201866
10325856051	101893
10325859051	401642
10325862051	112779
10325865051	111388
10326855051	200841
10326855051	205220
10326855051	565716
10328995051	210427
10328995051	568469
10329349051	111967
10329349051	201926
10329349051	204309
10329350051	204309
10329351051	201899
10329351051	204309
10329351051	403735
10329352051	201899
10329352051	204309
10329352051	403735
10329353051	111967
10329353051	204309
10329353051	208098
10329354051	101893
10329354051	201899
10329354051	204309
10329354051	405429
10329355051	101893
10329355051	111967
10329355051	201899
10329355051	204309
10329355051	208124
10329355051	405429
10329356051	101893
10329356051	204309
10329356051	403735
10329357051	111967
10329357051	201926
10329357051	204309
10329357051	405429
10329358051	201899
10329359051	208108
10329359051	208113
10329360051	208108
10329361051	208108
10329361051	208113
10329362051	101893
10329362051	201899
10329362051	208108
10329362051	208113
10329362051	211727
10329434051	112928
10329434051	400872
10329435051	205881
10329435051	216079
10329564051	566152
10329565051	101833
10329566051	401323
10329566051	407036
10329566051	559275
10329566051	566157
10339028051	201589
10342943051	201606
10343425051	201614
10343425051	563736
10343426051	213613
10343428051	101867
10343428051	566398
10343431051	101914
10343431051	201614
10343432051	101914
10343432051	566400
10343570051	101914
10343570051	201604
10343572051	201610
10343577051	201598
10345416051	101914
10345416051	207659
10345417051	101914
10345417051	207659
10345417051	560271
10345417051	566458
10345693051	208212
10345693051	213755
10346060051	211723
10346060051	568377
10347017051	201664
10347017051	206148
10347031051	200821
10347031051	401160
10349495051	112998
10349617051	200842
10349617051	565865
10351517051	211741
10351518051	110105
10351518051	211741
10351518051	215774
10351532051	101061
10351532051	408122
10351680051	563337
10351694051	215348
10352725051	211723
10352727051	568377
10355601051	112814
10355601051	211875
10355601051	555421
10355601051	565110
10355628051	201598
10356604051	201614
10356604051	566397
10357036051	208839
10357036051	567804
10357037051	101893
10357037051	208881
10357038051	101893
10357038051	560287
10357561051	405373
10357561051	563786
10358721051	201610
10368592051	209953
10368592051	410629
10391282051	507835
10391292051	507835
10391303051	507835
10391323051	207052
10391323051	207053
10391344051	101914
10391344051	566440
10391344051	566444
10391345051	101914
10391345051	201612
10391345051	406820
10391345051	559279
10391345051	566432
10391345051	566438
10391345051	566440
10391345051	566442
10391345051	566445
10391347051	101197
10391347051	112928
10391347051	201612
10391347051	213659
10391347051	566432
10391347051	566436
10391347051	566438
10391347051	566440
10391347051	566442
10391347051	566445
10391366051	216100
10391367051	216100
10393255051	559275
10393263051	206160
10393263051	206217
10393270051	215339
10393270051	215348
10393271051	409724
10395288051	101828
10395786051	205116
10395788051	112794
10395846051	207618
10395848051	112919
10395900051	112779
10395900051	210411
10395901051	209403
10395902051	567740
10397580051	111225
10397580051	564854
10397584051	111225
10397584051	501158
10397584051	566206
10397587051	564419
10398647051	111177
10398647051	567467
1040116	408565
10404701051	304550
10404701051	304557
10407471051	101904
10407471051	112919
10413942051	200112
10413942051	301722
10420173051	567207
10420174051	567204
10420176051	560055
10420176051	560283
10420235051	112935
10420346051	300405
10420346051	406380
10421841051	101200
10421844051	112928
10421844051	213625
10421844051	406820
10421844051	566432
10421963051	101129
10421963051	112919
10421963051	209969
10421968051	565464
10421970051	502621
10421970051	565383
10424342051	101751
10424344051	101751
10424344051	211741
10430043051	301570
10430043051	501098
10430133051	567515
10430133051	568569
10430721051	409755
10430723051	201664
10430723051	204174
10432736051	566146
10432785051	112928
10432785051	501192
10432785051	564897
10435221051	216307
10435222051	216307
10435223051	216467
10435223051	405165
10435225051	550091
10435232051	565785
10435292051	203109
10435295051	101872
10435301051	101867
10435301051	215271
10435301051	400872
10435301051	401689
10435302051	216079
10435302051	401758
10441960051	200832
10441961051	567552
10442563051	401158
10445709051	566392
10445710051	208098
10445710051	566438
10445710051	566440
10445710051	566442
10445711051	101914
10445711051	201589
10445711051	566392
10445714051	566440
10445719051	551272
10445719051	566438
10445719051	566440
10445722051	201599
10445722051	566440
10445733051	101197
10445735051	566395
10456310051	208124
10457913051	101838
10457914051	101828
10457914051	111470
10457914051	200821
10459475051	100916
10462947051	211741
10465377051	501909
10465380051	402220
10465437051	101867
10465437051	204155
10468395051	101833
10468397051	566195
10468401051	301754
10468458051	568498
10468487051	200053
10469717051	101872
10469720051	100132
10469720051	101872
10469721051	301693
10469773051	205270
10469781051	101875
10469781051	101914
10469781051	216080
10469785051	111048
10469786051	568356
10472106051	100883
10472107051	215256
10472299051	213780
10473690051	564854
10479647051	565710
10479650051	206152
10479650051	206271
10479651051	215339
10479667051	112107
10479667051	201667
10479673051	206287
10479676051	565714
10479683051	206193
10479685051	206269
10490380051	565599
10490381051	565599
10491096051	564022
10492497051	101893
10492498051	101893
10492852051	100351
10492854051	502134
10501756051	101033
10501757051	559936
10502574051	112843
10502574051	563338
10502574051	566182
10504409051	563186
10509648051	112779
10509648051	506385
10509655051	204688
10509658051	506385
10510325051	566433
10510326051	215339
10510326051	566483
10532070051	400766
10532078051	200118
10532080051	204748
10532080051	216082
10532094051	215753
10532095051	100838
10532095051	205568
10532095051	567560
10532096051	407120
10532098051	101845
10532098051	101859
10532098051	111384
10532098051	201632
10532098051	301428
10532098051	404064
10532098051	409613
10532098051	409641
10532098051	551348
10532102051	112816
10532107051	553753
10532110051	209953
10554620051	101914
10554620051	205256
10560074051	566476
10560076051	201599
10560076051	566440
10560076051	566483
10571135051	410199
10571136051	568347
10578686051	553761
10578691051	101196
10578696051	205261
10581353051	101893
10581353051	112908
10581354051	405429
10586491051	201610
10658481	567692
10767511	101915
10929921	100121
1099150	209183
1099154	209053
11047181	211630
11069525051	112919
11069525051	210037
11071531	101767
11071531	555495
11071551	101767
11071551	555495
11071831	213381
11071871	563338
11071891	200136
11071891	566706
11072111	509484
11072161	551136
11072301	110123
11294903051	559275
1153732051	112782
1153733051	100932
1153733051	205113
1153733051	301713
1153734051	112782
1153735051	112782
1153737051	567543
1153740051	565655
1153742051	101828
1153742051	205822
1153742051	401669
1153743051	565646
1153750051	565181
1153751051	401745
11639501051	205220
11844782051	101893
11844782051	505778
11844784051	101893
11844784051	402279
11844784051	559275
12075891	208713
12722661051	211741
12722661051	502185
128189011	101872
128189011	404386
128189011	560054
128189011	560283
128189011	563338
128189011	564981
128197011	110365
128197011	563338
128198011	112779
128198011	401026
128198011	402667
128198011	408507
128198011	560278
13311761	212283
13368570051	200112
13384021	402231
13384021	402279
13384031	208940
13384031	209316
13384351	208936
13694381	112319
13698351	566694
13751341	553228
13751341	566792
13751351	212676
13835411	553213
13835411	563338
13835411	565109
13835411	565110
13920431051	216278
13920437051	210021
13920445051	402304
13920446051	302373
13920447051	302373
13938501	100796
13938501	559275
13938521	101848
13938541	101833
13938541	101845
13938551	210168
13938551	215913
13938551	559275
13938561	210168
13938561	215908
13938561	215913
13938561	559275
13938591	215908
13938591	215927
13938601	559219
13938601	559275
13938611	501065
13944771	210230
13944791	401449
13944801	215976
13944801	559275
13944811	210168
13944811	210170
13944811	406384
13944971	101848
13944971	101893
13944971	215907
13944971	401351
13945011	101858
13945101	210432
13945101	210434
13945101	551687
13945141	206322
13945161	406605
13945191	566732
13945771	210222
13945801	101833
13945821	101845
13945821	200832
13945821	559275
13945851	101848
13945851	301418
13945851	508506
13945851	559275
13945861	401450
13945901	210229
13945911	401430
13945921	101858
13945921	215968
13945931	215967
13945941	100796
13945941	210168
13945981	215969
13945991	301428
13946041	301428
13946051	301428
13946051	559275
13946111	112816
13946111	215964
13946111	565371
13946121	210168
13946131	215965
13946131	401351
13946141	101848
13946141	200100
13946161	200099
13946271	210168
13946281	301447
13946281	559275
13946321	212465
13946361	401551
13946371	401550
13946371	407060
13946451	210168
13946451	551591
13946451	551592
13946451	559275
13946461	208411
13946461	567534
13946471	567534
13946501	101848
13946501	401323
13946501	407036
13946551	215884
13946611	215884
13946611	301366
13946661	101855
13946661	215958
13946691	566124
13946701	101848
13946701	401346
13946971	566197
13947001	300426
13947011	101845
13947061	101833
13947061	215767
13947071	215767
13947091	101833
13947091	205113
13947091	215767
13947091	216044
13947091	301447
13960946051	501365
13961131051	566183
13961137051	210930
13961139051	567838
14031621	101848
14031621	559275
140474011	204467
14157251	208375
14157251	552448
14157271	208375
14157271	502824
14157271	563337
14157271	563338
14157271	565134
14157281	206352
14157281	563337
14157301	208375
14157321	409927
14223900051	203063
14238496051	205275
14238497051	207659
14238509051	553769
14238512051	100663
14238512051	213780
14309361	568203
14309371	215970
14309381	401444
14315521	208113
14459785051	302379
14459786051	101991
14586562051	204173
14586562051	210427
14586563051	204173
14586563051	210427
14586623051	101893
14586625051	101893
14586628051	101893
14586628051	204697
14594798051	565450
14616220051	203109
14616220051	301722
14616244051	101129
14616244051	404386
14616249051	211741
14616250051	201528
14616250051	211741
14616250051	552402
14616250051	559311
14616251051	211741
14616251051	559311
14616257051	110105
14616257051	211741
14616258051	211741
14616258051	565188
14616259051	565188
14616294051	112919
14616298051	563740
14616302051	568580
14616305051	407679
14616306051	566509
14616320051	112919
14616355051	101129
14616359051	112919
14616359051	216100
14616432051	112919
14616432051	563742
14616449051	112919
14616461051	205120
14616478051	213612
14616484051	401767
14616484051	564897
14616487051	112928
14616487051	401038
14616487051	401044
14616490051	112928
14616492051	112928
14616492051	401712
14616493051	112928
14616501051	509176
14616505051	213620
14616507051	205880
14616507051	406942
14616515051	564897
14616520051	112928
14616520051	205877
14616522051	205877
14616522051	216079
14616529051	200156
14616529051	208316
14616529051	213189
14616534051	205877
14616542051	205877
14616542051	506776
14616546051	112928
14616546051	205877
14616546051	301717
14616557051	402667
14616557051	408507
14616559051	112779
14616559051	563338
14616559051	568380
14616561051	302145
14616564051	566888
14616565051	400872
14616570051	112928
14616570051	401044
14616572051	112928
14616572051	205881
14616595051	208611
14616883051	215767
14616888051	215767
14616888051	400795
14616915051	101845
14616915051	300399
14616915051	406605
14616943051	401338
14616944051	101848
14616948051	205568
14616953051	101766
14616953051	204549
14616957051	567799
14617001051	100636
14617001051	101837
14617002051	101848
14617030051	101833
14617031051	205805
14617036051	210168
14617036051	401412
14617036051	559263
14617037051	559263
14617037051	565047
14617038051	508506
14617038051	559275
14617041051	301397
14617041051	506776
14617048051	559275
14617048051	563338
14617049051	559275
14617049051	566122
14617052051	559275
14617084051	564499
14617114051	409628
14617119051	215976
14617121051	215976
14617121051	559275
14617133051	559050
14617135051	550067
14617136051	101833
14617141051	301428
14617145051	101833
14617147051	559275
14617150051	101833
14617167051	211789
14617174051	204586
14617174051	502782
14617174051	568219
14617176051	112779
14617177051	211789
14617180051	209401
14617180051	209403
14617182051	565464
14617183051	502621
14617184051	565421
14617199051	215373
14617199051	555142
14617199051	565458
14617201051	215256
14617205051	565294
14916911	201855
14916931	111163
14916931	201925
14916931	210168
14916931	501909
14916991	402304
14917001	112928
15077098051	210439
15218601	214625
15218631	501994
15218701	201899
15218721	201899
15218761	201899
15218761	201926
15218761	208113
15218781	201899
15218801	201899
15218801	204309
15218821	201899
15218821	204309
15218831	200181
15218831	201899
15218851	111163
15218851	201925
15218871	112908
15218871	204309
15218871	205059
15218871	302446
15314281	101893
15314281	110894
15314281	207204
15314281	208116
15314391	505948
15314421	505918
15314431	564245
15314441	208124
15314481	200180
15314491	200180
15314501	501674
15314671	501365
15314721	201876
15314731	563338
15314761	409640
15314771	201836
15314801	208007
15314801	402086
15314811	208007
15314921	208031
15314931	208012
15314971	302453
15319951	564242
15319951	567693
15319961	506000
15319971	208124
15319971	302224
15320071	505918
15320071	568598
15320171	564245
15320191	407736
15320221	101893
15320221	201779
15320241	101893
15321211	214613
15321251	508966
15321271	508966
15321281	201957
15321281	201958
15321281	508966
15321351	402156
15322431	201855
15322441	407930
15322651	408076
15322651	503299
15322761	511299
15322781	402369
15325661	202565
15325671	567860
15325701	208072
15325701	402220
15325701	501888
15325701	559275
15325711	101893
15325711	208124
15325711	402220
15325711	409394
15325711	563186
15325741	101893
15325741	567580
15325791	201876
15325791	208067
15325831	101737
15325831	501888
15325831	501893
15325841	501893
15325841	559275
15325841	565802
15325861	402279
15325861	501888
15325891	501915
15325901	203109
15325901	501923
15325961	101991
15326031	565797
15326071	101893
15326071	501931
15326071	559275
15326141	201897
15326141	563169
15326211	302379
15326231	409394
15326231	563186
15326241	101872
15326241	101893
15326241	201886
15326241	205162
15326241	208067
15326241	565272
15326301	505980
15328211	201789
15328301	501651
15334551	505766
15334571	565865
15334581	101161
15334591	101991
15334591	501424
15334601	505779
15334601	565704
15334681	503249
15334681	565875
15334701	101893
15334701	201701
15334701	568273
15334741	201701
15334901	508949
15334911	508949
15335031	101893
15335031	200480
15335031	508972
15335301	402421
15335301	565895
15335381	200480
15335421	214664
15335431	214656
15335481	101893
15335491	402483
15337401	208124
15337401	302252
15337411	208124
15337441	302560
15337541	201789
15337541	565859
15337591	208098
15337591	408922
15337591	506135
15337621	201780
15337991	567733
15338041	101893
15338041	501994
15338061	101893
15338061	501879
15338061	502019
15338441	506379
15338671	502019
15338711	551272
15343251	568247
15347651	563186
15347661	501909
15347671	501909
15347681	551180
15347691	201689
15347691	565799
15347701	216108
15347701	563186
15347741	101893
15347741	501909
15347821	111923
15347841	208071
15347851	101893
15347881	563186
15347901	501903
15348041	302384
15348061	201876
15348061	563169
15348071	208067
15348081	563171
15348091	208067
15348091	563170
15348101	100199
15348101	101893
15348101	563172
15348111	101893
15348111	507931
15348111	563173
15348121	208067
15348131	101991
15348141	101893
15348141	101991
15348141	568427
15348411	101893
15348441	401643
15348441	401646
15348511	565802
15348511	565834
15348651	216108
15348651	563186
15348671	101991
15348671	402220
15348681	212283
15348681	567808
15357741	404052
15357741	404057
15357831	559279
15359921	201899
15359921	201926
15359921	208108
15359941	403735
15360101	201899
15360111	201899
15360121	101893
15360121	201899
15360131	201899
15360271	101893
15360271	201926
15360271	565839
15360421	565841
15360571	101893
15360571	111967
15360571	201899
15360571	201926
15360571	204309
15360571	208098
15360571	403735
15360661	112908
15363981	100017
15363981	215250
15363991	202535
15367461	207985
15384771	201923
15384811	101893
15384811	112908
15384811	201899
15384811	201926
15384811	208067
15384811	565840
15384821	101893
15384821	201923
15384821	208067
15384821	565843
15385061	101893
15385061	214660
15385061	501747
15385071	101893
15385071	214637
15670931	201899
15670931	201912
15670931	211727
15671041	565762
15671161	201912
15671411	101893
15671411	204309
15671411	565842
15671451	302446
15671501	201899
15671501	302445
15671621	112908
15672101	112908
15672101	565843
15672131	565838
15672231	403735
15672341	111967
15672341	204309
15672881	565762
15673031	302422
15673161	101893
15673161	302422
15673161	565840
15675571	208113
15675641	403735
15675651	101893
15675661	111967
15675661	208113
15676541	403735
15677001	208113
15677331	208108
15677331	208113
15679511	403735
15680611	565793
15680641	101893
15680641	302562
15680641	402798
15680641	509075
15680641	567794
15680661	101893
15680661	200180
15680661	302551
15680661	506187
15683161	201920
15683281	111969
15683431	403735
15685481	112908
15685481	112960
15685481	208108
15685481	208113
15685491	112908
15685491	208113
15685491	565802
15685521	112908
15685541	112908
15685541	201899
15685581	204309
15685591	208113
15685601	112908
15685871	101893
15685871	568250
15691411	502695
15692941	501747
15695881	200180
15695971	200180
15750031	112905
15750031	214676
15750031	214678
15750041	201970
15840351	211789
15840351	212249
15840351	563338
15840351	566904
16026981	101113
16035231	101047
16035231	101893
16035241	101893
16047301	101991
16047301	402220
16047361	101893
16047361	216173
16245081	562661
16245381	208411
16247421	212377
16247441	208429
16247451	212378
16259641	211665
16259771	100113
16298671	563338
16298671	565134
16298831	212585
16298831	563337
16299121	204586
16299121	208440
16299121	502782
16299121	565105
16299211	501103
16299461	564565
16313541	212417
16391723051	200437
16391725051	112998
16391746051	213404
16391827051	101872
16391827051	300399
16391832051	216040
16391858051	301648
16391858051	301772
16391862051	301772
16391872051	101872
16391872051	301772
16391874051	100930
16391883051	101751
16391903051	565400
16391904051	101872
16391906051	216039
16391906051	301567
16391921051	301772
16391941051	553219
16391961051	210424
16397237051	112779
16397240051	210411
16397286051	502005
16397292051	565458
16397299051	201899
16397299051	201912
16397311051	553753
16397314051	101113
16397314051	402304
16397314051	508570
16397330051	567825
16397355051	302384
16397356051	100915
16397356051	210423
16397356051	506776
16397356051	565373
16397357051	101113
16397357051	101893
16397367051	210929
16397370051	204964
16397374051	204964
16397374051	505918
16397387051	204964
16397387051	505918
16397443051	111225
16397464051	302422
16397466051	101893
16397466051	208098
16397484051	201899
16397493051	209181
16397505051	101870
16397505051	216099
16397538051	564419
16397540051	565305
16397560051	209407
16397560051	216114
16397561051	216114
16397561051	558663
16397563051	216114
16397565051	401761
16397568051	216114
16397573051	216114
16397577051	210412
16397579051	216102
16397591051	112779
16397602051	101924
16397602051	201612
16397604051	563338
16397617051	508456
16397618051	564419
16397626051	112928
16397630051	205275
16397630051	553769
16397659051	566458
16397663051	507879
16397679051	213815
16397688051	406820
16416191	100020
16416191	101870
16416191	112816
16416191	300399
16416191	300426
16416191	301722
16416231	203109
16416231	215694
16416241	101845
16416261	400782
16416291	100636
16416291	205777
16416291	406380
16428071	215538
16428081	111384
16428101	100817
16428101	205738
16428141	215485
16428161	203109
16428161	216109
16428161	300399
16428171	406683
16499902051	400317
16499902051	508131
16499906051	566993
16953087051	558663
16953087051	565871
169644011	505441
169645011	565605
169645011	567470
169649011	101838
169664011	204238
169668011	210686
169668011	507835
169668011	567538
169674011	568288
169681011	210686
169694011	210726
169711011	507835
169721011	210726
169738011	510077
169739011	507835
169758011	215300
169758011	507835
169758011	507876
169760011	100972
169760011	101828
169760011	112779
169760011	401534
169763011	204756
169763011	506385
169764011	204759
169764011	216348
169770011	204761
169770011	208265
169771011	204758
169773011	208217
169774011	112779
169774011	201528
169774011	214962
169806011	100979
169807011	567515
169815011	510101
169822011	567515
169823011	204750
169848011	216667
169869011	206613
169875011	101845
169875011	551744
169895011	216085
169895011	406562
169896011	216087
169898011	111120
169898011	551744
169899011	101868
169899011	200118
169899011	210397
169899011	505679
169901011	214829
169901011	214835
169908011	205207
169922011	205207
169922011	402788
169928011	402761
170045011	562084
170059011	405130
170060011	405115
170062011	405183
170064011	100991
170064011	405115
170066011	405115
170092011	216307
170121011	205205
170121011	216424
170121011	216670
170134011	509822
170159011	503020
170173011	503044
170192011	405258
170211011	210461
170212011	112859
170218011	405348
170222011	216559
170223011	216579
170224011	216539
170225011	216519
170227011	111791
170227011	216640
170230011	304766
170232011	405387
170233011	563786
170236011	304781
170240011	112849
170240011	112859
170241011	111791
170242011	112849
170244011	563790
170246011	215759
170246011	502467
170246011	502468
170263011	503054
170285011	216467
170356011	210182
170356011	505410
170361011	205193
170362011	101828
170365011	205194
170365011	205198
170372011	551695
170385011	101828
170385011	205202
170392011	216307
170432011	208259
170446011	204788
170461011	209969
170475011	408122
170478011	402786
170478011	402850
170478011	408122
170478011	564023
170481011	101061
170489011	101061
170489011	112849
170489011	205207
170494011	101061
170494011	201540
170494011	408122
170498011	568458
170499011	408122
170502011	401619
170506011	100670
170506011	204748
170520011	101061
170563011	100632
170563011	215951
170563011	501098
170565011	112779
170566011	565675
170572011	112779
170572011	565623
170574011	216016
170578011	204748
170581011	216044
170583011	565622
170589011	216022
170589011	216027
170604011	401520
170604011	565627
170607011	204748
170608011	565622
170609011	216027
170611011	101833
170611011	565674
170624011	100670
170624011	565622
170625011	100670
170625011	201460
170625011	208238
170628011	101801
170628011	112779
170628011	210159
170628011	401619
170638011	112779
170646011	100632
170647011	100670
170650011	505519
170650011	505522
170652011	112779
170652011	501098
170654011	568231
170664011	551719
170665011	559647
170665011	565675
170670011	100695
170670011	204748
170670011	568699
170671011	565464
170671011	568699
171355011	213189
171356011	100167
171356011	204466
171356011	550964
171386011	211741
171386011	213302
171386011	565179
17622477051	101991
18194150051	101768
18195127051	302145
1909829051	408254
1910008051	101828
1910008051	566883
1910023051	101828
1910023051	203037
1910023051	205611
1910023051	568495
1910032051	559275
1910047051	112919
1910047051	205221
1910048051	205219
1910049051	205220
1910049051	401178
1910051051	401177
193931011	216661
1954559051	205161
1954559051	210168
1954559051	215976
1954559051	401551
1954559051	412208
1954559051	551591
1954559051	559275
1954560051	406994
1954560051	406997
1954560051	551847
1954560051	559275
1954562051	568204
1954587051	101848
1954588051	101848
1954588051	401369
1954590051	101848
1954591051	101848
1954597051	101848
1954597051	566130
1954597051	566146
1954598051	101833
1954599051	101848
1954601051	566138
196974011	567761
196975011	567816
196991011	208594
1978041051	101828
1978041051	201596
2017184051	505560
2017189051	101875
2017189051	216058
2017190051	101875
2017191051	101875
2017191051	205824
2017191051	301705
2029232051	209080
2032423051	216108
2032424051	201632
2032446051	304766
2033445051	559275
2033445051	565443
2033450051	101737
2033455051	565446
2033456051	101870
2033456051	564419
2033458051	112779
2033458051	204173
2033458051	404052
2033458051	566769
2033460051	101737
2033460051	101870
2033460051	112779
2033462051	101871
2033464051	564419
2033469051	101838
2033470051	507918
2033472051	506290
2033472051	564419
2033472051	564563
2033474051	112779
2033474051	559275
2033475051	564565
2033489051	564022
2033489051	568403
2033496051	210439
2033500051	112779
2033500051	210439
2033501051	112779
2033502051	112816
2033502051	506776
2033503051	210439
2033504051	210435
2033506051	101871
2033506051	304383
2033506051	402231
2033506051	551722
2033507051	560278
2033540051	400766
2033778051	101737
2033778051	216114
2033778051	563338
2033778051	565453
2033778051	565457
2033778051	565458
2033782051	401778
2033784051	565458
2033785051	211741
2033785051	565455
2033785051	567065
2033786051	209969
2033787051	407124
2033788051	503249
2033789051	565458
2033790051	300456
2033790051	565457
2033790051	565458
2033793051	101758
2033793051	564563
2033793051	565536
2033814051	112779
2033814051	112814
2033823051	565448
2033826051	408126
2033828051	564564
2033830051	406398
2033830051	406401
2033831051	200842
2033836051	406426
2033886051	205220
2033886051	210917
2034536051	210411
2034538051	210411
2034540051	506803
2034541051	565510
2038550051	210934
2038550051	565446
2038907051	565431
2038908051	101870
2038908051	111225
2038908051	565676
2038910051	101871
2038910051	216052
2038911051	101870
2038911051	111225
2038912051	101870
2038912051	111225
2038912051	568722
2038914051	565403
2038914051	567838
2038922051	568393
2038924051	567838
2038925051	101871
2038925051	506776
2038943051	565499
2038947051	112779
2038970051	565512
2038975051	112779
2038976051	216108
2038976051	401790
2038976051	565522
2038977051	112779
2038977051	565523
2038978051	101737
2038979051	401790
2038982051	566766
2038983051	210412
2038983051	566766
2038989051	112779
2038991051	112779
2038992051	112779
2038993051	112779
2038994051	101737
2038994051	112779
2039199051	112779
2039199051	567040
2039200051	112779
2039201051	567040
2039201051	567120
2039201051	567418
2039203051	112779
2039204051	101737
2039204051	112779
2039204051	210412
2039205051	101737
2039205051	112779
2039205051	216102
2039205051	216114
2039205051	565494
2039205051	567411
2039206051	112779
2039211051	101737
2039211051	112779
2039213051	112779
2039214051	112779
2039215051	101737
2039215051	112779
2039218051	101737
2039218051	112779
2039222051	111224
2039222051	112779
2039222051	210412
2039222051	565510
2039223051	112779
2039226051	112779
2039226051	567414
2039228051	112779
2039229051	112779
2039232051	112779
2039232051	216108
2039232051	567040
2039232051	567120
2039234051	112779
2039235051	112779
2039235051	567040
2039236051	112779
2039238051	112779
2039242051	112779
2039245051	101737
2039245051	112779
2039247051	112779
2039248051	101737
2039249051	112779
2039251051	112779
2039259051	112779
2039259051	204172
2039259051	210423
2039261051	112779
2039265051	112779
2039267051	101737
2039268051	101737
2039268051	112779
2039269051	101737
2039270051	101737
2039270051	112779
2039270051	567112
2039271051	101737
2039271051	112779
2039273051	101737
2039273051	112779
2039274051	101737
2039274051	112779
2039275051	101737
2039276051	112779
2039276051	566784
2039277051	112779
2039284051	101737
2039284051	112779
2039284051	506789
2039286051	112779
2039287051	506776
2039291051	112779
2039291051	216114
2039292051	506789
2039295051	112779
2039299051	565522
2039302051	216108
2039303051	112779
2039304051	101737
2039304051	112779
2039304051	565367
2039308051	112779
2039308051	216108
2039308051	506789
2039312051	112779
2039314051	101737
2039314051	112779
2039314051	506789
2039316051	101737
2039316051	112779
2039316051	506776
2039316051	506789
2039316051	567164
2039355051	216098
2039356051	101737
2039356051	216098
2039356051	565497
2039358051	216098
2039359051	216098
2039359051	500377
2039364051	401778
2039365051	401778
2039367051	216108
2039371051	216098
2039373051	401778
2039373051	568546
2039374051	506789
2039375051	565497
2039381051	101870
2039384051	216098
2039386051	567037
2039387051	101737
2039387051	112779
2039387051	506789
2039395051	567804
2039397051	401767
2039400051	101764
2039402051	216101
2039404051	101737
2039404051	112779
2039405051	210416
2039405051	565410
2039406051	567279
2039410051	210405
2039411051	216114
2039414051	210416
2039417051	565507
2039418051	216114
2039420051	216099
2039420051	509484
2039422051	401778
2039422051	565507
2039423051	565508
2039424051	565507
2039426051	101737
2039426051	209181
2039426051	210427
2039426051	216114
2039426051	567123
2039427051	216102
2039428051	304426
2039429051	112779
2039429051	209181
2039429051	216102
2039429051	216114
2039429051	401767
2039429051	565494
2039429051	567411
2039430051	401767
2039431051	401761
2039431051	401778
2039432051	401767
2039435051	401767
2039436051	112779
2039436051	401767
2039436051	567407
2039438051	111224
2039438051	210410
2039438051	216102
2039438051	216108
2039438051	401767
2039439051	204173
2039439051	563162
2039439051	567408
2039441051	567411
2039446051	216102
2039446051	565494
2039446051	567414
2039447051	112779
2039447051	209181
2039447051	210412
2039447051	216102
2039447051	565364
2039447051	565493
2039447051	565494
2039447051	566784
2039447051	567415
2039447051	567416
2039449051	401767
2039450051	216102
2039450051	401767
2039451051	209181
2039451051	401767
2039452051	210412
2039452051	401761
2039452051	506776
2039452051	506789
2039466051	216108
2039466051	401761
2039468051	401761
2039469051	101870
2039469051	111224
2039469051	401761
2039471051	401767
2039472051	401778
2039473051	401778
2039474051	567037
2039475051	111224
2039475051	216102
2039475051	565390
2039477051	564499
2039478051	101870
2039478051	568469
2039479051	564499
2039479051	565410
2039480051	101870
2039480051	201925
2039480051	216109
2039480051	564499
2039481051	216114
2039484051	210415
2039491051	204171
2039492051	101737
2039492051	204171
2039493051	204171
2039494051	101737
2039494051	112779
2039495051	112779
2039495051	204171
2039495051	501113
2039500051	210416
2039506051	565398
2039509051	101867
2039511051	210438
2039513051	101867
2039513051	301593
2039513051	565401
2039516051	101870
2039516051	558663
2039520051	112779
2039520051	401702
2039520051	506789
2039525051	401707
2039529051	506776
2039535051	506776
2039536051	506776
2039537051	506789
2039540051	506789
2039543051	506789
2039544051	101871
2039550051	216108
2039555051	506776
2039562051	101871
2039567051	506776
2039567051	506789
2039568051	506776
2039568051	506789
2039568051	565506
2039569051	506776
2039569051	506789
2039570051	506776
2039570051	506789
2039571051	506776
2039571051	506789
2039572051	506776
2039573051	216109
2039573051	506776
2039574051	111222
2039574051	506776
2039574051	506789
2039577051	112779
2039577051	302252
2039577051	506776
2039578051	506776
2039578051	506789
2039579051	506789
2039579051	565389
2039582051	506776
2039587051	506789
2039589051	101737
2039589051	210412
2039590051	506776
2039590051	506789
2039592051	112794
2039593051	101737
2039593051	112794
2039596051	506776
2039596051	506789
2039599051	101871
2039599051	210411
2039608051	100789
2039608051	211741
2039608051	506789
2039609051	506776
2039609051	506789
2039609051	551180
2039611051	101871
2039611051	567421
2039613051	216108
2039613051	506789
2039613051	568469
2039614051	216108
2039615051	216108
2039615051	506776
2039615051	506789
2039618051	565371
2039619051	565371
2039620051	565371
2039622051	112794
2039622051	302252
2039622051	565373
2039622051	565379
2039623051	301789
2039623051	407822
2039623051	565373
2039623051	565530
2039624051	565374
2039626051	302252
2039626051	565379
2039627051	407822
2039627051	565376
2039628051	204172
2039628051	559275
2039630051	565526
2039631051	204172
2039631051	565379
2039631051	565527
2039633051	565379
2039633051	565530
2039635051	216106
2039636051	204172
2039636051	210423
2039636051	407822
2039636051	506776
2039636051	551180
2039636051	565379
2039641051	112779
2039641051	559275
2039643051	407822
2039643051	565379
2039645051	559275
2039647051	207738
2039647051	565531
2039648051	204172
2039648051	210423
2039648051	216106
2039648051	559275
2039648051	565373
2039648051	565379
2039648051	565530
2039650051	204173
2039659051	566744
2039661051	204173
2039662051	565458
2039662051	567003
2039664051	208067
2039665051	210435
2039666051	201896
2039666051	209945
2039666051	216114
2039667051	204173
2039667051	210439
2039668051	101870
2039671051	204153
2039671051	210427
2039672051	210427
2039672051	567568
2039676051	566468
2039678051	210432
2039679051	101891
2039679051	401795
2039680051	210432
2039681051	101869
2039684051	409643
2039686051	210917
2039687051	205736
2039687051	501174
2039690051	101869
2039690051	210921
2039691051	101869
2039691051	210930
2039697051	112779
2045022051	404390
2045022051	410638
2045022051	410682
2045025051	112919
2045025051	404387
2045026051	209972
2045027051	209972
2045027051	563740
2045028051	205112
2045029051	112919
2045030051	112919
2045030051	563740
2045032051	563759
2045032051	566772
2045033051	563748
2045034051	410638
2045036051	563724
2045037051	112919
2045037051	410671
2045040051	203215
2045040051	209969
2045045051	112919
2045045051	563705
2045049051	203211
2045051051	101801
2045051051	112779
2045051051	203211
2045053051	112919
2045053051	209934
2045055051	112779
2045055051	410629
2045057051	507924
2045058051	304392
2045059051	101142
2045059051	112919
2045059051	209938
2045059051	563724
2045059051	568581
2045062051	209969
2045063051	112919
2045065051	304392
2045066051	112919
2045066051	558379
2045073051	209926
2045079051	112919
2045079051	503211
2045079051	558380
2045080051	101135
2045080051	101138
2045081051	209916
2045082051	112919
2045084051	101138
2045084051	216259
2045085051	209945
2045085051	563759
2045087051	209944
2045088051	563759
2045089051	112919
2045089051	304485
2045089051	507926
2045091051	112919
2045091051	202486
2045092051	101142
2045093051	503234
2045097051	112919
2045098051	112919
2045098051	205115
2045109051	205116
2045109051	404390
2045109051	503249
2045112051	101145
2045112051	566789
2045113051	563775
2045120051	101145
2045122051	203217
2045122051	566789
2045123051	304427
2045128051	210037
2045128051	216100
2045128051	503211
2045131051	112919
2045132051	112919
2045132051	510806
2045132051	563162
2045132051	567408
2045133051	112919
2045133051	203212
2045133051	216102
2045142051	503249
2045143051	210016
2045144051	304412
2045152051	112919
2045152051	510356
2045171051	112034
2045172051	112919
2045172051	304542
2045188051	112919
2045192051	112919
2045193051	110894
2045195051	112919
2045195051	200324
2045195051	216102
2045195051	401767
2045195051	510700
2045195051	558663
2045195051	567411
2045195051	568274
2045196051	200324
2045197051	200322
2045198051	216191
2045198051	216275
2045198051	564420
2045201051	304450
2045201051	510622
2045201051	510629
2045202051	510640
2045202051	568438
2045204051	205122
2045204051	510356
2045204051	510668
2045208051	216251
2045208051	404849
2045209051	216252
2045216051	510768
2045219051	112919
2045219051	510668
2045219051	510784
2045220051	510798
2045223051	101129
2045223051	112034
2045225051	216290
2045226051	216248
2045227051	216292
2045227051	566520
2045233051	404889
2045233051	568274
2045234051	404896
2045234051	503249
2045235051	551926
2045236051	200315
2045236051	216248
2045240051	112919
2045240051	510776
2045243051	112034
2045243051	200330
2045243051	304466
2045243051	407702
2045243051	501400
2045243051	566515
2111182051	101129
2111187051	101129
2111192051	101129
2111192051	563338
2112639051	101767
2113037051	101129
2113037051	503249
2121569051	210199
2121870051	101828
2121870051	205228
2121873051	111178
2121873051	200844
2121879051	551717
2121881051	101828
2121882051	101828
2129858051	406334
2129860051	400293
2129861051	500232
2129874051	205909
2129880051	205905
2129882051	213403
2129884051	112998
2129885051	112998
2129894051	112497
2129894051	211097
2129895051	406372
2129899051	406362
2129899051	566968
2129900051	112497
2129902051	112497
2129905051	211091
2129906051	500238
2129907051	112998
2129908051	211112
2129909051	112497
2129909051	406363
2129910051	406363
2129912051	406363
2129942051	500238
2129944051	204931
2129945051	406369
2129963051	213404
2129965051	213404
2129979051	213404
2129980051	211267
2129983051	112998
2129986051	213404
2129986051	400368
2129990051	551219
2129995051	564105
2129996051	551219
2129997051	566981
2130006051	406361
2130013051	200435
2130013051	400326
2130016051	400330
2130016051	563338
2130018051	200435
2130021051	551191
2130021051	566979
2130028051	564114
2130045051	112998
2130051051	112998
2130052051	112998
2130052051	562684
2130053051	564114
2130054051	562691
2130056051	112998
2130058051	112998
2130059051	562691
2130061051	112998
2130061051	200437
2130062051	100895
2130063051	406336
2130070051	408507
2130073051	408507
2130075051	406336
2130076051	112998
2130076051	406336
2130077051	406336
2130078051	406336
2130082051	204232
2131432051	407930
2131436051	208113
2131467051	101061
2131470051	304009
2131566051	503249
2131622051	211727
2131681051	211727
2131681051	403735
2131681051	405429
2131681051	565840
2131688051	110854
2131688051	408923
2131693051	205055
2131731051	501642
2132608051	568546
2132974051	565840
2133603051	203063
2133603051	208713
2133603051	208788
2133603051	208790
2133603051	208842
2133603051	208876
2133603051	208967
2133603051	209172
2133603051	209176
2133982051	406571
2133983051	409643
2133983051	562711
2133983051	563338
2133985051	300444
2133986051	101751
2133986051	204586
2133988051	300456
2133991051	206030
2133991051	500300
2133992051	101766
2133993051	215717
2133994051	563338
2133997051	500281
2133999051	500292
2134004051	563338
2134006051	101859
2134006051	563337
2134007051	563338
2134008051	213784
2134008051	500281
2134010051	101869
2134010051	563338
2134011051	101758
2134012051	215721
2134013051	508139
2134016051	500310
2134018051	215722
2134019051	508142
2134020051	508143
2134021051	300444
2134021051	553698
2134021051	568391
2134022051	304485
2134022051	500311
2134023051	204586
2134023051	211789
2134023051	502782
2134025051	401647
2134025051	559275
2134025051	566202
2134027051	563338
2134142051	100121
2145940051	208532
2145940051	509422
2145942051	204549
2145942051	502782
2145952051	212576
2145971051	408076
2145974051	101052
2145992051	502792
2145995051	509412
2146170051	509434
2146170051	563338
2146180051	101758
2151828051	507603
2151830051	211741
2151830051	564421
2151831051	564421
2151835051	101752
2151835051	564421
2151837051	509444
2151838051	509444
2151839051	211741
2151839051	410199
2151839051	507876
2151843051	552480
2151850051	211741
2151850051	303140
2151850051	559311
2151850051	567810
2151852051	110105
2151853051	565188
2151854051	552477
2151857051	211741
2151857051	552480
2151857051	565191
2151858051	552480
2151860051	211741
2151860051	552480
2151862051	211741
2151862051	552480
2151863051	110105
2151863051	204232
2151863051	211741
2151863051	564278
2151863051	565187
2151865051	211741
2151866051	101751
2151868051	211741
2151868051	567178
2151870051	211741
2151870051	506604
2151870051	552467
2151870051	565197
2151871051	303097
2151872051	211741
2151872051	552401
2151872051	552402
2151873051	211741
2151873051	552391
2151874051	211741
2151874051	501888
2151874051	552396
2151877051	211741
2151879051	211543
2151881051	559311
2151882051	552436
2151883051	101752
2151884051	211741
2151884051	552407
2151884051	567172
2151885051	211741
2151887051	211543
2151887051	211741
2151888051	211543
2151888051	211741
2151889051	211546
2151896051	208552
2151896051	211741
2151898051	567176
2151899051	101752
2151899051	110105
2151901051	101751
2151903051	567182
2151904051	211741
2151905051	408527
2151906051	567182
2151908051	101751
2151909051	567183
2151911051	100081
2151923051	112611
2151923051	211654
2151936051	101751
2151941051	100089
2151941051	211492
2151943051	101751
2151947051	101751
2151947051	211492
2151947051	565175
2151952051	101748
2151953051	101748
2151953051	408453
2151962051	101748
2151964051	552455
2151969051	303078
2151972051	303097
2151973051	303097
2151974051	211553
2151974051	211741
2151974051	303097
2151974051	565170
2151976051	565173
2151977051	211741
2151977051	303097
2151978051	201528
2151978051	211741
2151978051	565170
2151979051	303097
2151980051	303097
2151982051	110105
2151986051	506604
2151987051	506604
2151992051	408484
2151992051	506604
2151993051	506604
2151996051	506611
2151998051	506604
2151999051	566812
2152016051	211741
2152016051	408507
2152016051	502835
2152016051	568359
2152017051	406336
2153200051	112933
2154250051	216080
2154250051	400872
2154250051	560287
2155185051	215335
2155189051	215348
2155190051	210756
2155190051	404118
2155191051	404118
2155192051	112933
2155193051	112933
2155193051	404114
2155193051	404118
2155193051	409755
2155194051	404114
2155195051	215288
2155198051	210762
2155200051	210771
2155200051	404132
2155201051	210767
2155201051	402303
2155202051	555286
2155202051	555288
2155204051	201664
2155205051	201664
2155205051	409755
2155206051	206205
2155207051	206187
2155207051	206205
2155209051	201670
2155209051	210756
2155209051	215339
2155209051	215348
2155209051	551180
2155210051	215346
2155210051	409751
2155211051	210756
2155221051	210756
2155224051	215339
2155225051	215317
2155226051	206217
2155226051	409767
2155230051	304250
2155232051	112933
2155233051	204159
2155233051	206146
2155234051	206191
2155236051	215323
2155236051	409755
2155238051	215306
2155241051	565718
2155248051	206177
2155251051	565725
2155263051	210756
2155263051	215337
2155264051	112110
2155264051	215337
2155264051	215348
2155265051	206210
2155265051	215339
2155265051	409796
2155266051	215338
2155268051	112110
2155268051	112933
2155268051	215339
2155268051	409796
2155269051	215339
2155271051	206166
2155271051	210756
2155271051	215339
2155275051	112933
2155275051	206151
2155276051	409733
2155280051	409724
2155282051	409718
2155285051	201664
2155286051	404139
2155288051	206154
2155290051	409760
2155290051	409775
2155292051	409755
2155292051	409776
2155295051	112933
2155299051	206351
2155303051	565716
2155305051	200842
2155305051	565716
2155314051	404118
2155316051	112935
2155316051	215348
2155320051	204174
2155321051	206284
2155322051	215339
2155322051	215359
2155327051	206284
2155330051	565105
2155331051	206145
2155331051	215319
2155343051	112121
2155343051	112933
2155350051	210935
2155354051	112121
2155355051	112121
2155355051	215373
2155356051	112121
2155356051	215363
2155356051	404161
2155357051	215363
2155360051	409733
2155363051	409833
2155366051	112928
2155371051	206287
2155373051	215373
2155374051	206265
2155375051	112935
2155375051	206287
2155377051	210756
2155379051	304227
2155381051	404114
2155385051	206187
2155388051	304258
2155390051	565707
2155390051	565710
2155394051	565704
2155395051	206187
2155395051	565709
2155396051	565704
2155396051	565710
2155397051	565713
2155406051	204185
2155411051	565711
2155415051	565712
2155417051	565729
2155419051	101737
2155419051	203103
2155420051	203103
2155421051	215405
2155423051	206311
2155423051	409837
2155424051	203103
2155425051	203103
2155425051	206311
2155425051	565729
2155426051	206311
2155427051	567600
2155429051	404118
2155435051	567261
2155438051	404174
2155439051	112816
2155440051	205207
2155440051	210935
2155440051	215339
2155440051	215422
2155442051	565726
2155443051	206322
2155446051	565727
2155446051	565729
2155447051	206305
2155450051	101219
2155450051	509408
2155450051	565726
2155454051	101218
2155455051	101218
2155457051	101218
2155458051	101218
2155459051	101218
2155460051	101218
2155462051	101218
2155468051	101738
2155468051	555142
2157260051	101904
2157260051	408152
2157262051	210254
2157262051	300654
21613886051	215339
21613887051	215339
21613887051	215348
21613888051	215348
21613895051	215314
2179885051	210254
2189078051	201606
2189080051	201598
2189080051	201610
2189082051	201595
2189082051	566402
2189083051	201594
2189084051	401177
2189085051	201593
2189085051	201598
2189086051	205272
2189087051	201610
2189091051	201606
2189093051	201599
2189093051	406704
2189095051	101828
2189095051	201598
2189095051	401177
2189096051	101914
2189098051	101914
2189098051	201606
2189169051	201601
2189181051	101914
2189181051	205275
2189181051	566402
2189182051	205879
2189182051	566402
2189185051	205275
2189187051	205275
2189187051	563739
2189266051	101914
2189266051	559279
2189266051	563571
2189269051	566398
2189270051	101914
2189270051	201614
2189270051	566400
2189272051	205275
2189274051	201598
2189276051	101914
2189276051	200847
2189276051	205275
2189277051	205275
2189279051	553765
2189283051	205275
2189285051	508328
2189286051	101914
2189286051	112203
2189286051	112779
2189286051	553789
2189286051	566440
2189318051	564225
2189319051	566456
2189320051	406756
2189321051	201606
2189321051	214680
2189321051	564226
2189323051	400814
2189328051	207524
2189329051	213413
2189329051	566431
2189333051	201596
2189335051	566392
2189335051	566402
2189335051	568272
2189339051	213398
2189342051	553756
2189344051	205261
2189344051	216080
2189345051	201593
2189346051	205261
2189347051	101893
2189352051	207532
2189356051	201606
2189362051	112782
2189362051	205275
2189362051	400872
2189364051	112928
2189365051	112928
2189365051	207659
2189365051	406864
2189368051	566483
2189369051	566483
2189370051	566483
2189371051	401167
2189371051	564897
2189377051	100532
2189377051	101197
2189377051	112928
2189377051	506776
2189377051	566483
2189380051	566483
2189382051	101924
2189383051	566483
2189384051	101924
2189385051	112928
2189385051	401002
2189385051	566480
2189388051	112928
2189388051	566460
2189390051	101924
2189392051	101924
2189392051	112928
2189392051	205275
2189393051	101924
2189393051	551180
2189395051	112928
2189395051	205880
2189574051	112928
2189574051	207618
2189574051	213591
2189574051	553697
2189574051	566432
2189578051	566440
2189580051	205243
2189580051	406820
2189583051	101914
2189583051	201601
2189583051	213599
2189583051	559279
2189583051	566436
2189583051	566440
2189583051	566445
2189583051	566456
2189583051	566476
2189584051	101914
2189584051	201599
2189584051	201610
2189584051	551180
2189584051	566440
2189584051	566443
2189584051	566476
2189596051	553843
2189597051	201610
2189597051	505257
2189597051	566460
2189598051	213659
2189601051	213661
2189601051	406942
2189603051	207662
2189603051	213827
2189603051	566458
2189604051	207659
2189605051	205249
2189605051	213755
2189608051	207662
2189610051	213827
2189613051	213714
2189613051	213715
2189619051	566431
2189620051	207659
2189620051	566458
2189621051	566392
2189622051	500936
2189627051	201589
2189627051	213752
2189628051	200844
2189628051	201589
2189628051	213748
2189632051	406810
2189633051	112203
2189633051	553785
2189634051	101914
2189635051	553774
2189640051	101914
2189640051	213650
2189641051	201589
2189641051	553765
2189642051	205275
2189643051	300887
2189649051	201612
2189650051	205282
2189651051	201612
2189652051	201612
2189653051	201612
2189655051	201612
2189656051	201598
2189661051	213402
2189663051	201595
2189668051	201598
2189668051	406704
2189669051	213402
2189670051	201610
2189671051	201610
2189673051	201598
2189674051	201598
2189674051	201599
2189676051	201610
2189679051	201610
2189682051	111163
2189682051	205836
2189682051	553769
2189683051	101914
2189683051	111177
2189685051	201606
2189685051	201610
2189685051	205270
2189686051	213670
2189686051	401669
2189695051	301621
2189695051	301648
2189695051	566756
2189704051	406896
2189708051	205876
2189709051	205879
2189709051	401758
2189709051	505624
2189709051	551180
2189710051	112928
2189710051	205877
2189713051	205881
2189719051	205879
2189719051	213622
2189719051	216079
2189719051	301790
2189719051	564897
2189721051	112928
2189721051	301791
2189721051	401758
2189721051	567258
2189723051	205879
2189724051	401062
2189727051	112928
2189732051	112928
2189739051	401758
2189740051	112928
2189740051	400872
2189740051	566484
2189744051	565644
2189745051	204166
2189770051	401245
2189771051	111384
2189771051	500281
2189771051	551348
2189775051	208212
2189775051	213796
2189777051	403753
2189789051	553769
2189806051	201594
2189806051	201606
2189806051	201610
2189806051	201612
2189806051	205161
2189806051	553769
2190119051	101845
2201135051	204934
2201139051	112914
2201139051	506000
2201139051	568250
2201141051	407737
2201147051	101991
2201147051	400409
2201149051	402302
2201153051	501893
2201154051	563186
2201156051	563186
2201156051	565866
2201162051	402245
2201163051	101113
2201163051	302384
2201164051	402240
2201166051	402244
2201167051	101893
2201167051	402246
2201169051	402243
2201177051	201912
2201178051	201912
2201185051	565834
2201186051	112908
2201189051	101161
2201189051	101893
2201189051	112197
2201189051	565840
2201189051	565841
2201190051	201899
2201190051	565833
2201191051	565765
2201194051	302373
2201195051	101893
2201195051	112908
2201195051	201899
2201195051	204309
2201195051	208067
2201195051	208108
2201195051	208113
2201195051	302422
2201195051	302439
2201195051	501960
2201195051	565837
2201195051	565840
2201195051	565841
2201200051	501421
2201200051	563311
2201201051	501421
2201202051	563159
2201208051	563156
2201209051	563159
2201213051	501400
2201213051	563149
2201214051	563149
2201220051	563155
2201225051	407712
2201226051	568438
2201230051	101161
2201231051	407702
2201234051	501400
2201236051	565871
2201241051	407694
2201245051	101893
2201249051	568339
2201250051	568340
2201251051	302551
2201254051	565775
2201258051	101893
2201258051	508918
2201265051	508942
2201266051	508949
2201266051	508979
2201267051	565755
2201273051	208007
2201282051	302250
2201283051	506140
2201284051	204991
2201294051	112848
2201294051	507825
2201294051	568297
2201298051	205080
2201302051	565892
2201308051	201836
2201312051	200077
2201320051	201845
2201321051	216109
2201323051	101893
2201325051	302340
2201343051	101893
2201355051	112928
2201355051	505323
2201358051	203063
2201358051	505323
2201359051	200416
2201359051	213725
2201359051	213727
2201359051	505323
2201360051	203063
2201361051	112905
2201368051	101893
2201368051	112779
2201368051	567733
2201369051	554973
2201372051	213793
2201373051	101893
2201373051	302271
2201374051	101893
2201375051	101893
2201375051	204964
2201375051	501994
2201375051	509011
2201376051	101893
2201377051	208124
2201377051	501879
2201378051	502019
2201379051	101893
2201382051	208236
22017435051	564982
22120119051	112919
22120119051	207618
22120119051	510302
2216987051	101893
2216987051	402279
2220977051	200118
2220978051	200118
2221095051	567520
2221096051	216135
2221096051	216158
2221096051	565628
2221104051	204173
2221112051	204173
2221114051	403961
2221180051	112928
2221180051	203063
2221182051	204017
2221204051	101113
2221204051	112928
2221204051	564852
2221204051	564897
2221216051	101872
2221824051	565170
2221832051	211741
2221832051	403512
2221833051	211741
2221833051	560051
2221835051	211543
2221835051	211741
2221835051	403512
2221835051	551116
2221835051	560052
2221835051	560278
2221837051	211741
2221837051	560055
2222046051	301722
2222971051	101925
22250676051	101828
22250676051	205198
2225483051	112998
2225483051	206030
2225489051	112998
2225507051	204218
2225595051	552480
2225596051	401026
2227348051	101893
2227348051	213620
2227348051	400872
2227348051	402104
2228407051	209310
2228614051	200118
2228615051	200118
2228615051	210161
2228617051	200118
2228617051	210160
2228617051	210397
2228619051	200118
2228660051	101893
2228660051	501994
2231235051	501365
2231246051	403770
2231247051	507835
2231247051	567412
2231249051	507835
2231253051	403735
2231270051	101893
2231270051	110894
2231270051	207689
2231272051	101893
2231280051	101845
2231296051	101893
2231296051	213872
2249545051	101739
2249554051	408553
2249834051	100754
2249835051	100789
2249835051	210222
2249942051	101833
2249942051	101856
2249943051	101858
2249943051	401434
2249944051	559275
2249947051	215969
2249947051	401458
2249948051	508506
2249950051	401440
2249951051	559275
2249952051	401437
2249952051	559275
2249954051	210225
2249954051	401427
2249955051	101848
2249956051	568732
2249957051	508506
2249958051	301416
2249958051	508506
2249958051	559275
2249959051	559256
2249959051	559275
2249960051	508501
2249961051	401436
2249962051	100797
2249963051	301418
2249963051	550067
2249964051	301428
2249964051	559247
2249969051	401500
2249970051	401427
2249971051	205809
2249972051	301418
2249972051	550065
2249975051	205839
2249975051	401492
2249975051	559275
2249975051	565459
2250013051	568621
2250041051	301445
2250041051	559272
2250042051	210168
2250042051	301445
2250043051	101836
2250043051	210168
2250044051	215977
2250073051	401484
2250111051	564421
2250112051	211741
2250112051	552448
2250419051	101856
2250419051	215951
2250419051	550078
2254938051	206732
2263247051	563338
2272919051	559050
2275305051	204586
2276690051	208440
2276751051	502782
2277718051	201604
2277718051	208881
2277857051	568468
2277881051	565170
2278440051	101875
2278442051	201588
2278442051	204173
2278443051	201589
2278443051	205748
2278444051	202563
2278445051	553753
2278446051	112779
2278446051	301728
2278449051	201588
2278488051	200512
2278488051	203063
2278488051	208713
2278488051	209031
2278765051	205880
2278765051	406942
2278881051	112919
2278881051	510279
2278881051	563740
2278882051	510302
2278883051	510302
2278884051	207618
2278884051	410672
2278886051	209953
2278891051	112779
2278891051	213784
2278893051	410682
2278895051	566579
2278903051	101129
2278903051	112919
2278903051	207618
2278903051	566561
2278918051	563773
2279404051	101129
2279420051	209969
2279422051	101904
2279769051	209945
2279770051	563759
2279774051	101138
2279774051	216100
2279781051	101142
2279796051	101142
2279796051	112919
2279796051	207288
2279796051	568465
2279797051	112919
2279797051	510279
2279798051	205113
2279998051	401026
2280006051	562923
2280007051	566412
2280058051	401026
2280062051	211723
2280068051	551116
2282828051	209310
2283822051	101129
2284024051	303105
2284028051	409982
2284031051	112998
2284101051	101138
2284101051	112919
2284101051	210037
2284393051	101129
2284393051	552480
2284523051	101129
2284543051	563751
2284559051	209940
2285024051	509469
2285038051	567557
2285049051	509484
2285061051	551130
2285062051	509484
2285064051	101767
2285064051	555495
2285070051	551130
2285136051	101739
2285136051	200156
2285140051	502835
2285140051	567199
2285141051	567204
2285148051	560054
2285149051	402667
2285149051	408507
2285155051	566752
2285157051	406336
2285158051	566755
2285165051	567187
2285177051	568347
2285178051	566525
2285179051	212634
2285180051	212675
2313315051	216280
2313316051	510686
2313317051	510263
2313321051	216235
2313322051	112919
2313322051	404849
2313329051	304531
2313330051	501365
2313331051	564253
2313333051	200315
2313336051	112919
2313336051	304488
2313337051	404390
2313337051	505779
2313338051	503249
2313340051	304540
2313340051	551180
2314029051	503249
2314029051	510820
2316365051	209944
2316386051	204173
2316402051	304466
2316893051	215969
2316893051	559275
2320065051	403657
2326035051	101845
2326036051	100687
2326036051	203109
2326037051	216033
2326039051	100636
2326039051	300423
2326039051	505097
2326041051	406611
2326041051	553694
2326042051	203109
2332631051	101161
2352920051	401740
2356799051	101838
2356801051	565605
2356807051	401595
2356808051	401583
2356810051	401589
2356810051	510103
2356815051	101878
2356815051	112779
2356817051	100663
2356818051	507835
2356820051	207053
2356821051	507835
2356822051	507835
2356823051	210724
2356823051	507833
2356834051	567445
2356835051	562134
2356836051	405291
2356836051	510003
2356841051	564571
2356842051	216620
2356843051	503106
2356844051	553769
2356844051	563786
2356847051	201458
2356850051	112779
2356850051	112859
2356851051	403822
2356852051	201453
2356853051	100974
2356854051	563728
2356855051	304760
2356858051	563788
2356861051	510101
2356863051	201460
2356865051	101893
2356865051	563788
2356866051	402782
2356867051	204202
2356867051	503041
2356870051	205207
2356871051	567516
2356883051	568659
2356887051	567515
2356888051	567515
2356890051	208244
2356893051	101833
2356893051	567515
2356894051	567515
2356896051	101870
2356898051	568602
2356900051	506417
2356900051	567515
2356906051	101057
2356906051	403755
2356906051	551186
2356909051	568344
2356916051	568230
2356918051	100632
2356918051	401529
2356920051	100633
2356921051	100635
2356922051	100670
2356922051	112779
2356922051	216041
2356922051	216044
2356922051	401519
2356923051	215258
2356923051	567536
2356924051	101833
2356924051	204748
2356926051	210182
2356927051	210182
2356927051	565675
2356929051	564510
2356931051	565673
2356933051	101833
2356933051	567436
2356947051	101061
2356947051	214951
2356947051	408122
236013011	208594
2360603051	101061
2361364051	566118
2361405051	210916
2361968051	203063
2361968051	208970
2362172051	200437
2365326051	562923
236755011	301688
23677948051	551306
2371722051	201606
2376582051	501915
2378086051	215655
2378225051	215655
2378226051	101862
2378226051	205611
2378226051	206292
2378227051	205611
2378227051	208397
2378227051	551348
2378229051	551221
2378449051	205582
2378449051	207685
2378449051	215613
2378450051	508241
2378453051	564566
2378454051	205612
2378454051	215655
2378456051	215647
2378456051	215655
2378457051	215655
2378458051	215655
237883011	204748
2380952051	553789
2380952051	566483
2380955051	500395
2380957051	101914
2380957051	508327
2389365051	210417
2389366051	401761
2389368051	210438
2389372051	216035
2393029051	110854
2393029051	408923
2394999051	406820
2395002051	406820
2395007051	101833
2396530051	559275
2405421051	211741
2405421051	303097
2405421051	560054
2405421051	560059
2405421051	565140
2405422051	211741
2405422051	303235
2406725051	112816
2409182051	112844
2409188051	213694
2409196051	400872
2411012051	112756
2411012051	213620
2411012051	213694
2411012051	551180
2418027051	566483
2418028051	101197
2418111051	216079
2418111051	566483
2418829051	213620
2418832051	565393
2421102051	407312
2421559051	101848
2421559051	101893
2421559051	101991
2421559051	111923
2421559051	210168
2421559051	402279
2421559051	407036
2421559051	505778
2421559051	559275
2421559051	566148
2421559051	566152
2421559051	566157
2422779051	101033
2423755051	201439
2423817051	200029
2423817051	303017
2423818051	506539
2423873051	301717
2423876051	209048
2423876051	216753
2423877051	201604
2423877051	201610
2423877051	406704
2427949051	565599
2428660051	101751
2428662051	101751
2432388051	408507
2432389051	112998
2432395051	206030
2432402051	406361
2436204051	559275
2439806051	101869
2439806051	101904
2439807051	101869
2439809051	101869
2439820051	112928
2439821051	101738
2439821051	112779
2439822051	101869
2439823051	215758
2439824051	565446
2439827051	112779
2439827051	564022
2439831051	112779
2439833051	564277
2439833051	568371
2439834051	562648
2439834051	562654
2439837051	304383
2439890051	101833
2439890051	566746
24407877051	101916
24407877051	304268
24407877051	401646
24407877051	409755
2440841051	101869
2440841051	216114
2445312051	101758
2445312051	101839
2445312051	212105
2449116051	100121
2449117051	100121
2449118051	100121
2449346051	216248
2449347051	304512
2449348051	216269
2449349051	203219
2449353051	216269
2454222051	101862
24556663051	509170
2457301051	101877
2457301051	563966
2459289051	565513
2459295051	407124
2459297051	112779
2459300051	101737
2459300051	112779
2459300051	407124
2459302051	112779
2459303051	112779
2459303051	565368
2459308051	566766
2459314051	566767
2459315051	566767
2459319051	210438
2459324051	567799
2459329051	101737
2459329051	209405
2459330051	209405
2459331051	568669
2459334051	565320
2459364051	112779
2460011051	111167
2460011051	209183
2460011051	565646
2460352051	112779
2460860051	112779
2462036051	112779
2462036051	216108
2462036051	564854
2462036051	567030
2462948051	101737
2462948051	112779
2462948051	216114
2462948051	567410
2466960051	565106
2478166051	101845
2478166051	112938
2479158051	567573
2479166051	101869
2479253051	200832
2479255051	207729
2479256051	200832
2479256051	201595
2479257051	200832
2479258051	200832
2479259051	200832
2479260051	200832
2479261051	200832
2481521051	506789
24816930051	100636
24816930051	101837
24816930051	301537
24816930051	301540
24816931051	101845
24816931051	565607
24816932051	101837
24816932051	565607
2481818051	408640
2481889051	210423
2482611051	210427
2482611051	301593
2484492051	112504
2484492051	211357
2485742051	200832
2486241051	565317
2486505051	215250
2486505051	509380
2486506051	565419
2486507051	215256
2486508051	565311
2486509051	565312
2486509051	565464
2486511051	101737
2486511051	215271
2486511051	565464
2486512051	565309
2486513051	565303
2486514051	565294
2486515051	404059
2486515051	565296
2486517051	404060
2486520051	404059
2486521051	101737
2486521051	112779
2486521051	215269
2486523051	565464
2486524051	205771
2486525051	565464
2486528051	565477
2486529051	101737
2486529051	112779
2486533051	565306
2486534051	210934
2486534051	565622
2486535051	404057
2486536051	101737
2486541051	565464
2486544051	565464
2486545051	101737
2486545051	215276
2486545051	215277
2486545051	404062
2486545051	404063
2486545051	565345
2486547051	215256
2486547051	565464
2486548051	215256
2486548051	502621
2486550051	101738
2486556051	567792
2486558051	215256
2486558051	555142
2486562051	204172
2490500051	215271
2491373051	111384
2491373051	300848
2491373051	400393
2491375051	400482
2491382051	101845
2491383051	101845
2491383051	111225
2491383051	301537
2491383051	505773
2491383051	567820
2491383051	567823
2491436051	406684
2494235051	566408
2494290051	401026
2494731051	215515
2494948051	301722
2497944051	404051
2499196051	204173
2499196051	409414
2504083051	101845
2506940051	200880
2506940051	204754
2511974051	112779
2511976051	112779
2511977051	101737
2511977051	112779
2512115051	112779
2512115051	565523
251679011	566126
251680011	401346
251680011	568305
251683011	301230
251685011	101833
251686011	566123
251688011	111923
251688011	566123
251689011	212393
251691011	559275
251694011	401433
251701011	101848
2541026051	565955
2541712051	568685
2541712051	568690
2541733051	203063
2541733051	208679
2541733051	208713
2541966051	567552
2542212051	555148
2542213051	565420
2543255051	101828
2544551051	568666
2544556051	560271
2549018051	565289
2549019051	565290
2549020051	402766
2561847051	559231
2565813051	112919
2565816051	207618
2565820051	304400
2565821051	510269
2565822051	410682
2565823051	503249
2565824051	503249
2565825051	503249
2565826051	112919
2565830051	112919
2565830051	209947
2565831051	304398
2565834051	558379
2565835051	112919
2565848051	216108
2565849051	101138
2565850051	211741
2565850051	567794
2565852051	112919
2565856051	112919
2565856051	209935
2565857051	101138
2565867051	112919
2565884051	112919
2565897051	112919
2567691051	507874
2567712051	507874
2570755051	508450
2570757051	200118
2570760051	568313
2570761051	200118
2570763051	200117
2570763051	216123
2570764051	200118
2570765051	216124
2570772051	407147
2570776051	200118
2570983051	507880
2571770051	507880
2573483051	507879
2573561051	101297
2574212051	215688
2574213051	215330
2574213051	505436
2574213051	568487
2574214051	101838
2574214051	111477
2574214051	401580
2574214051	505431
2574215051	101833
2574215051	215989
2574215051	401604
2574215051	505429
2574217051	111470
2574217051	216158
2574218051	210181
2574219051	567823
2574220051	111470
2574220051	215998
2574223051	212141
2574223051	501113
2574223051	505472
2574223051	568268
2574224051	568268
2574225051	101837
2574226051	101837
2574226051	559275
2574227051	505478
2574228051	301537
2574229051	101837
2574229051	565607
2574230051	101837
2574231051	101837
2605348051	112779
2632664051	211741
2638157051	565464
2640982051	101839
2640982051	215999
2640983051	567259
2640984051	100658
2640984051	204173
2640984051	216109
2640984051	404049
2640985051	401612
2640985051	501113
2640986051	216005
2640987051	401612
2640988051	212141
2640989051	401520
2640990051	501113
2640990051	505472
2640991051	567698
2640992051	101837
2640994051	112779
2640995051	201659
2640996051	559272
2678691051	112779
2680053051	204172
2680374051	101872
2680374051	112779
2680378051	500247
268233011	205568
268247011	100650
268247011	204688
268248011	100636
268248011	210168
268248011	568203
268249011	100636
268253011	112928
268253011	215729
268254011	100817
268254011	205568
268254011	300576
268254011	300667
268254011	566748
268261011	215752
268261011	215753
268262011	205678
268263011	101737
268265011	401534
268266011	101833
268266011	565628
268268011	101839
268268011	551732
268268011	551736
268269011	101839
268269011	565606
268271011	111470
268275011	100817
2736393051	101768
2736405051	101767
2738447051	509479
2738448051	509479
2738448051	564286
2738450051	555495
2738451051	208611
2738562051	568200
2740582051	200821
2740583051	200821
2740584051	200821
2740585051	200821
2740598051	112779
2746612051	204172
2746612051	561025
2748677051	565646
2761997051	510597
2761997051	563159
2761998051	200315
2761999051	304450
2761999051	510622
2764755051	565090
2766648051	101762
2794661051	200480
2794663051	216191
2794665051	200320
2812680051	408640
2812685051	101924
2812685051	205270
2812685051	301621
2812685051	301781
2812685051	301783
2820323051	567464
2820598051	101872
2820598051	112786
2820609051	301648
2822768051	301621
2822769051	301621
289099011	100795
289102011	506499
289111011	559275
289113011	401328
289113011	559275
289125011	401545
289127011	559275
2930658051	101845
2930658051	101848
2930658051	112779
2930675051	101848
2930681051	559083
2934045051	101848
2934046051	101848
2934047051	401369
2934048051	101848
2934048051	559275
2934049051	101848
2934049051	200832
2934050051	101848
2934051051	101859
2934051051	559275
2934056051	215980
2934059051	101848
2934061051	215981
2934061051	568606
2934062051	101848
2934063051	101848
2945633051	101848
2945633051	401245
2945638051	215956
2945638051	559275
2945639051	215957
2945640051	101848
2945642051	301398
2945642051	559275
2945645051	559275
2945646051	559275
2962367051	210168
2962367051	551594
2962368051	565053
2962370051	406605
2962504051	563338
2962504051	568305
2968410051	407060
2971934051	401351
2971939051	101833
2971941051	100767
2971942051	100794
2971944051	401560
2971945051	564986
2975685051	401122
2980404051	101845
2980409051	404174
2980409051	565700
2980418051	301402
2980422051	301410
2998042051	101845
2998042051	215953
2998043051	101836
2998043051	210168
2998043051	559275
2998044051	101836
2998044051	211885
2998044051	301447
2998044051	559275
3001539051	101848
3001600051	101845
3001601051	300423
3001602051	101845
3001602051	101859
3001602051	401562
3001607051	559275
303609011	567230
303612011	210187
303614011	101837
303617011	101837
3037477051	564225
3041874051	205879
3050397051	553753
3050400051	567204
3050400051	567205
3050401051	567200
3050472051	555495
3050473051	565096
3050547051	565464
3050547051	567065
3050551051	101737
3050551051	565298
3050556051	555144
3050756051	101845
3050757051	101845
3054633051	568426
3054712051	509176
3054958051	112928
3054962051	401057
3054963051	407101
3054964051	112928
3054966051	210328
3054967051	112928
3054968051	204162
3054969051	112928
3054971051	213621
3054971051	301593
3054972051	100874
3054974051	564897
3054976051	407079
3054977051	205881
3054977051	401038
3054977051	564897
3054978051	112928
3054979051	565029
3054980051	100874
3054980051	101924
3054981051	210318
3054982051	112928
3054983051	112928
3054983051	216079
3054984051	112928
3054984051	204153
3054984051	205881
3054984051	216079
3054984051	564897
3054987051	216079
3054987051	564897
3054988051	213620
3054989051	112928
3054990051	509176
3054992051	551831
3054993051	112928
3054994051	409164
3054996051	501192
3054999051	112928
3055000051	205881
3055001051	565609
3055003051	400817
3055003051	553769
3055004051	213622
3055005051	204159
3055005051	205879
3055006051	112928
3055006051	201458
3055008051	112928
3055009051	400872
3055010051	112928
3055011051	400872
3055011051	566825
3055029051	401038
3055030051	112928
3055031051	112928
3055032051	112928
3055032051	205879
3055032051	407068
3055033051	205881
3055033051	400872
3055033051	564897
3055039051	112928
3055040051	400872
3055041051	112928
3055041051	210311
3055043051	112928
3055043051	400872
3055045051	210315
3055050051	112928
3055050051	565681
3055050051	565682
3055084051	210327
3055084051	401062
3055084051	565681
3055392051	101845
3055392051	559275
3055393051	111923
3055393051	300423
3055673051	101845
3055674051	300423
3055676051	101845
3055690051	201540
3055718051	101061
3055718051	408122
3055718051	558927
3055718051	567520
3055718051	567522
3055718051	567523
306192011	404064
306193011	110042
306193011	404064
306194011	101845
306194011	101859
306194011	101904
306194011	205113
306194011	301570
306197011	406605
3077054051	205879
3077054051	210254
3077054051	506789
3078011051	551686
3078012051	213963
3078125051	401062
3082080051	566440
3113753051	565464
3113755051	112203
3113755051	301722
3124501051	567735
3132760051	101739
3148931	203063
3148931	208713
3148931	208936
3148951	204771
3148951	208919
3151776051	204173
3151776051	565905
3151790051	208124
3152152051	565372
3152540051	210427
3152547051	203103
3152637051	210427
3152637051	565529
3152637051	567382
3152642051	210427
3152646051	401434
3152649051	210427
3152660051	401778
3152673051	210427
3152675051	210427
3152678051	210427
3152680051	210427
3152685051	210427
3152693051	101737
3152693051	112779
3152693051	210427
3183920051	112919
3183920051	566510
3187998051	112782
3188102051	301772
3188104051	112782
3188108051	112782
3188111051	112782
3188112051	112782
3188176051	112782
3188177051	112782
3188177051	301748
3188180051	112782
3188180051	301772
3188185051	213789
3188185051	213793
3189195051	300405
3192261051	501421
3192261051	563153
3192267051	568443
3192296051	101161
3192324051	101845
3192881	203063
3192881	208713
3192881	208719
3192891	112331
3192891	203063
3192891	208713
3192891	208719
3192891	208883
3192891	208887
3192891	208891
3192891	209087
3192901	203063
3192901	208713
3192941	203063
3192941	208707
3192941	208713
3192941	208719
3192941	209179
3192981	203063
3192981	208713
3192981	208719
3192981	208721
3192981	208936
3198091	207662
3198091	505257
3208881051	565905
3212535051	112928
3225383051	112779
3225383051	401619
3225691051	111178
3225692051	216081
3225693051	111177
3232319051	112998
3232319051	406336
3232320051	206031
3232320051	406336
3232323051	112998
3232323051	406336
3237020051	210427
3237021051	101146
3237021051	558663
3237023051	112843
3237023051	210427
3237023051	565170
3237024051	210427
3237024051	567568
3237025051	204173
3237025051	567835
3237026051	301747
3237027051	216035
3237028051	216035
3237029051	210439
3237030051	101870
3237030051	210318
3248630051	101113
3255044051	507569
3256948051	112998
3256949051	112998
3305620051	101899
3305633051	101893
3305633051	213917
3305633051	301577
3308532051	565032
331013011	101834
331016011	101893
331039011	509075
331039011	564235
3332272051	101893
3332272051	407930
3332448051	551180
3332452051	101737
3332454051	101135
3332458051	211741
3332463051	101870
3332466051	406564
3332468051	565458
3332469051	565458
3332470051	112779
3332500051	501165
3332515051	216248
3332562051	565456
3332562051	565497
3332566051	211741
3332567051	552436
3332569051	101870
3332570051	565458
3332571051	565458
3332578051	101870
3332586051	101870
3332586051	564499
3332588051	111967
3332588051	565451
3332590051	101891
3332595051	566756
3332621051	101135
3332711051	101737
3332721051	565176
3333062051	112928
3333062051	565841
3345732051	101113
3345732051	216248
3345734051	112919
3345734051	564420
3345735051	216251
3345737051	304499
3345738051	304500
3345739051	203220
3345742051	101904
3345743051	112919
3345752051	216248
3345758051	304509
3345764051	216248
3345764051	503249
3345766051	216248
3345770051	203218
3345770051	510668
3345773051	209953
3345775051	510761
3345776051	200330
3345780051	216248
3345786051	216191
334613011	101839
334615011	300628
334616011	401580
334617011	401619
334617011	505431
334619011	215989
334630011	567772
334640011	505556
334640011	566732
334646011	101833
334646011	101845
3351075051	304466
3351076051	304466
3351076051	503249
3351080051	510700
3355218051	213404
3360108051	503249
3364444051	565683
3365264051	508131
3365267051	112497
3365267051	112779
3365271051	112998
3369678051	112998
3370608051	567040
3370612051	567040
3370632051	567040
3370640051	567120
3370643051	565366
3370643051	565367
3370674051	112779
3370677051	567040
3370678051	101870
3370679051	567419
3370682051	101870
3370682051	567040
3370682051	567419
3370686051	567040
3370695051	567040
3370696051	210404
3370701051	567040
3374238051	565511
3374269051	216108
3377399051	567794
3377412051	565407
3377436051	111225
3377438051	216217
3377465051	111225
3377477051	111225
3377509051	200175
3377513051	111225
3377515051	111225
3377519051	100646
3377519051	111225
3377520051	215255
3377527051	205052
3377877051	304451
3377884051	112919
3377885051	112919
3377890051	304386
3377892051	216191
3377893051	216191
3377893051	304386
3377906051	207618
3377908051	566510
3377909051	501365
3377910051	112919
3396570051	304506
3396577051	510735
3396585051	562514
3396586051	562514
3396589051	203219
3396591051	112919
3396593051	216234
3396595051	404849
339886011	500122
3409068051	304498
342485011	204467
342487011	564089
3429044051	213404
3433196051	215300
3433196051	409755
3433197051	215301
3433223051	205207
344024011	100993
344642011	550091
344921011	565859
344926011	565855
344927011	565855
344933011	101893
344933011	565854
344934011	200181
344934011	565858
344939011	204688
344939011	208113
344940011	565770
344942011	204700
344943011	200181
344964011	204697
344970011	101893
3450746051	204748
3450759051	210182
3450763051	564848
3450767051	204748
3450773051	501098
3450778051	505472
3450781051	210913
3450798051	401608
3450806051	401608
3450806051	564848
3450813051	215767
3450815051	210427
3450815051	216044
3450818051	510302
3450818051	567695
3450851051	564848
3450852051	565105
3450854051	100895
3450860051	101870
345142011	400872
345142011	409613
3456973051	100991
3456982051	100992
3456991051	101033
3456991051	564996
3456993051	214781
3457003051	550091
3457004051	100995
3457013051	567623
3457014051	567623
3457021051	402578
3457028051	402546
3457037051	402546
3457071051	567616
3457072051	101893
3457072051	567617
3457081051	402614
3457082051	567605
3457091051	402589
3457098051	550091
3457131051	100992
3457139051	550091
3457164051	214781
3457176051	550091
3457190051	214941
3457191051	214943
3457192051	214941
345915011	200821
345921011	200818
345921011	564588
345944011	213963
345945011	213963
345951011	101828
345962011	200873
345962011	204017
345973011	401158
345977011	200832
345984011	101828
345984011	566111
345985011	200832
345985011	207753
345985011	566111
3460328051	112928
346096011	508430
346098011	200832
346166011	204754
3467732051	215655
3467734051	508248
3467736051	111925
3467736051	208213
3467737051	111925
3467737051	501931
3467741051	509290
3467742051	568589
3467743051	210195
3467743051	502526
3467744051	101833
3477891	565092
3478161	212947
3478982051	410626
3478988051	112919
3478988051	564253
3479008051	566592
3479011051	503247
3479011051	503249
3479012051	404896
3479014051	562533
3479017051	112919
3479021	101870
3479029051	216256
3479030051	112919
3479030051	216259
3479031051	112919
3479042051	203218
3479042051	216228
3481181	208594
3481231	502826
3482011	211741
3482011	213302
3482011	303078
3482011	565179
3482511	552481
3483131	566806
3483181	208594
3483181	303156
3485971	208713
3486011	101254
3486011	200479
3486011	208713
3486011	208775
3489859051	112928
3491323051	563156
3491323051	565413
3491324051	100809
3491324051	101737
3491324051	559275
3491324051	565403
3491328051	101870
3491333051	565403
3491334051	112779
3491334051	565403
3491356051	101751
3491356051	506804
3491369051	506804
3491374051	506804
3491380051	111225
3491389051	567838
3491391051	565416
3491392051	565403
3491394051	565404
3491395051	101870
3491395051	562531
3491395051	566520
3491395051	567040
3491399051	565410
3491408051	112794
3491411051	101870
3491419051	502621
3491420051	565407
3491421051	565408
3491426051	565407
3491428051	111225
3491447051	565408
3491456051	100809
3491456051	101870
3491456051	200320
3491456051	506804
3491474051	210410
3491474051	565403
3491479051	565411
3491486051	101870
3491486051	111225
3491486051	506804
3491486051	565403
3491495051	401778
3491508051	565403
3491514051	565416
3491517051	565403
3501974051	200440
3501975051	112779
3502105051	101991
3502105051	112919
3525961	203063
3544117051	402667
3544117051	568380
3550114051	101893
3550114051	111967
3550114051	201926
3550114051	204309
3550114051	208114
3550114051	403735
3550114051	565832
3550114051	565840
3550116051	208108
3550116051	211727
3550121051	211727
3550123051	111969
3565771	552480
3571082051	402667
357187011	208532
357187011	212578
357187011	563338
357187011	563790
3573693051	566573
3573704051	566530
3573712051	101142
3573712051	112919
3573712051	209969
3573713051	563724
3573716051	101138
3573716051	568581
3573717051	101138
3573717051	209969
3573719051	216100
3573719051	503211
3573725051	101138
3573918051	216100
3573919051	209969
3573919051	510302
3583721051	566979
3605402051	567528
362594011	509123
3637089051	101893
3637089051	201926
3637089051	204309
3637089051	565832
3637089051	567113
3652797051	111225
3652797051	567838
3652798051	201899
3652801051	101869
3652801051	210427
3652802051	210427
3652802051	567554
3652819051	101870
3652819051	564854
3652820051	101737
3652820051	564854
3652823051	564854
3652831051	564854
3652834051	564854
3652844051	100895
3652845051	111225
3652845051	210427
3652848051	100896
3652848051	111225
3652848051	210427
3652856051	101752
3652865051	567838
3652869051	101870
3652869051	567820
3652870051	100844
3652870051	565405
3652870051	567821
3652871051	567824
3652872051	101871
3652873051	101845
3652873051	565407
3652873051	567825
3652874051	567821
3652874051	567838
367917011	403735
367917011	501760
367943011	407778
367946011	208047
369221011	212577
369245011	208522
369431011	550922
369433011	560413
369436011	550926
369437011	560412
369438011	211492
369438011	560412
369441011	208285
369442011	555496
369446011	550923
369447011	507603
369447011	552480
369449011	101739
369449011	563338
369451011	567751
377424011	208124
377424011	501879
377424011	567794
377425011	501400
377430011	407702
377431011	407702
377432011	204931
377434011	505774
377434011	563159
377435011	565874
377436011	565874
377437011	201689
377437011	207950
377438011	505779
377439011	101161
377439011	501429
377445011	565866
377446011	407701
377447011	551926
377456011	101893
377456011	407679
377456011	565905
377457011	214641
377457011	407679
377458011	407679
377461011	563159
377465011	407695
377469011	501400
377473011	201689
377473011	204933
377473011	205879
386599011	101893
386599011	101991
386599011	501923
386606011	101893
386606011	201896
386606011	201897
386607011	101869
386607011	101893
386607011	216114
386607011	402260
386607011	408921
386607011	508514
386607011	563338
3891393051	566582
3891394051	503249
3891394051	566582
3891395051	563694
3891401051	205120
3891403051	205120
3891406051	304426
3891407051	101146
3891407051	563775
3891409051	101870
3891409051	112919
3891409051	563694
3891412051	112919
3891412051	210029
3891413051	112919
3891413051	210029
3891414051	112779
3891415051	204172
3891416051	112919
3891416051	304426
3891417051	401795
3891417051	568267
3891418051	112919
3891420051	101870
3891420051	112919
3891420051	204171
3891420051	401767
3891420051	567408
3891420051	568203
3891423051	112919
3891423051	210020
3891425051	112919
3891428051	112919
3891432051	216100
3891433051	112919
3891434051	112919
3891434051	507907
3891435051	112919
3891435051	210026
3891436051	507907
3891438051	112919
3891438051	507909
3891439051	503249
3891440051	112919
3891442051	112779
3891444051	401778
3891446051	112919
3891446051	210410
3891446051	564499
3891447051	401767
3891463051	205119
3895771	101766
3912393051	101135
3912393051	503249
3912393051	563709
392220011	406390
392222011	203109
392245011	409628
392272011	101833
392272011	203109
392277011	100844
392277011	566177
392278011	206265
392369011	300766
392375011	401542
392376011	400761
392377011	401539
392378011	508477
392381011	210254
392381011	215976
392381011	401526
392381011	401542
392382011	301446
392384011	101839
392384011	551736
392385011	100632
392385011	551736
392697011	215258
392701011	215271
392701011	407124
392702011	202550
392703011	565421
392704011	112779
392704011	565304
393025011	400872
393074011	101828
3934210051	112998
393995011	203109
393995011	566197
3969993051	304412
3969996051	101129
403886011	210461
405851011	101833
405854011	112844
405854011	505554
405855011	401656
405856011	301600
405856011	401121
405863011	112844
405865011	112844
405870011	501165
4071908051	401702
4071909051	112794
4071909051	401702
4071909051	565497
4071910051	101893
4071910051	301683
4071911051	301683
4071913051	301683
4071916051	101872
4071916051	301693
4071916051	565650
4071917051	100932
4071917051	101872
4071917051	112816
4071917051	301713
4071918051	101872
4071919051	111167
4071920051	303147
4071922051	565206
4071923051	112928
4071923051	205879
4071924051	301782
4071926051	216079
4082881	200112
4082901	101758
4083001	204546
4083111	565105
4083251	301609
4083551	212401
4083551	566879
4095902051	506789
4095904051	506789
4095905051	205832
4095905051	301720
4095906051	508467
4095906051	565661
4095907051	205829
4095907051	301789
4095907051	301793
4095907051	508474
4095908051	205830
4095910051	205831
4137906051	208113
4137906051	565761
4137970051	112998
4137970051	564123
4138415051	209181
4138415051	216108
4138430051	565428
4138448051	404058
4138460051	111224
4138472051	101200
4138472051	567831
4138484051	566777
4138489051	216027
4138489051	508180
4138489051	565447
4138490051	404058
4138491051	567830
4138501051	209181
4138515051	565448
4138522051	300422
4138536051	205169
4138540051	101870
4138541051	566768
4138547051	404058
4138547051	565450
4143611051	112919
4143611051	304557
4143612051	304557
4143614051	304557
4143616051	112919
4143617051	200324
4143617051	210018
4143619051	210020
4143620051	304418
4159909051	204756
4159909051	205207
42380011	208202
42380011	301366
42380011	565129
4296836051	567468
4296838051	204173
4296839051	204173
4296839051	210429
4296840051	204173
4296840051	567469
4296841051	402778
4296842051	401651
4296845051	204173
4296846051	204173
4296847051	204173
4296849051	204173
4296850051	401632
4296851051	204173
4296851051	401632
4296852051	204173
4296853051	101737
4296853051	567003
4296858051	101737
4296858051	204153
4296858051	213623
4296858051	565170
4296861051	565762
4296865051	565676
4296871051	101871
4296871051	112816
4296871051	205221
4296871051	210931
4296871051	567841
4296872051	101059
4296872051	205718
4296881051	301704
4296889051	408640
4296889051	408641
4296890051	568469
4296892051	112779
4296892051	564023
4296893051	112794
4296894051	566468
4296895051	401795
4296898051	101839
4296908051	101870
4296909051	204173
4296909051	567802
4296910051	566468
4296911051	567805
4296915051	101837
4296915051	111225
4296915051	112844
4296915051	567806
4296917051	101870
4296917051	208067
4296917051	507931
4296917051	507933
4296917051	563173
4296918051	100020
4296918051	567794
4327330051	101833
4366974051	204173
4403859051	101893
4403859051	204309
4403859051	213416
4403861051	101893
44283011	509479
44284011	101767
44284011	555495
44311011	565144
44312011	565142
44313011	565143
4440297051	112782
4440297051	300399
4440297051	565652
4440671051	101870
4440671051	565457
4484208051	406824
4484209051	205243
4484209051	406820
4484222051	406820
4484234051	406820
4484236051	406820
4484238051	101914
4484243051	213635
4484248051	406820
4485711051	112919
4485721051	209941
4485722051	101138
4485725051	563709
4485728051	410671
4485729051	510279
4485730051	216100
4485758051	304542
4485764051	410672
4485769051	101142
4485775051	209930
4485779051	101142
4485779051	205112
4485779051	563705
4485780051	101142
4489925051	408234
4489926051	563732
4520414051	565421
4520415051	565421
4520416051	101869
4520418051	101869
4520422051	101869
4520422051	566520
4520431051	209399
4520431051	565421
4520869051	567515
4520871051	205207
4520877051	205207
4520880051	204753
4520880051	567515
4520887051	205207
4520888051	402778
4520890051	567515
4553571051	101859
45729011	101872
45729011	565365
45732011	551134
45752011	303162
45769011	567787
45780011	408743
45790011	212621
45797011	509170
45797011	567761
45805011	409984
4644266051	407930
466282	200523
466282	208713
466284	200491
466284	200523
466284	203063
466284	208620
466284	208713
466284	208719
466284	208746
466284	208881
466284	209031
466284	210830
466286	563989
466290	203063
466290	208635
466292	101379
466292	203063
466292	207662
466292	208713
466292	208719
466292	208725
466292	208881
466294	101925
466296	203063
466298	203063
466302	203063
466302	208713
466304	208713
466304	208936
466306	207662
467256	200511
467256	208713
467256	208953
467256	209027
467258	101290
467258	200523
467258	203063
467258	208713
467258	208800
467258	208806
467258	301597
467260	101939
467260	203063
467260	208713
467262	203063
467262	208713
467262	208719
467262	208775
467262	208884
467262	208932
467262	209024
467262	209028
467262	209029
467262	209031
467262	501365
467266	208713
467278	203063
467278	208620
467278	411419
467278	505560
4693249051	112779
4705671051	206160
4705671051	206170
4705671051	206216
4705671051	215294
4731377051	101915
4731377051	566403
4731378051	566404
4731380051	565955
4747948051	405391
4747949051	216678
4747950051	405391
4749295051	406372
4749297051	204232
4749298051	406374
4749298051	567525
4752334051	112794
4752334051	565455
4754951051	201460
4754953051	210676
4780035051	211789
4780036051	204586
4780036051	211789
4780036051	502782
4780036051	562638
4780036051	565105
4811678051	210182
4817925051	211741
4817937051	110105
4829243051	301445
4829243051	301447
4829244051	216045
4832257051	206163
4840771051	101129
4840771051	112919
4840772051	101129
4844225051	559936
4844226051	506536
4853041051	101767
490236011	559203
490237011	558994
490238011	101833
490238011	559275
490239011	559050
490239011	559054
490243011	559010
490245011	559067
490246011	101858
490246011	559075
490248011	559087
490250011	215908
490261011	301413
490263011	112908
490264011	401439
490267011	401458
490272011	301418
490272011	301428
490273011	301428
490274011	210217
490278011	210223
490281011	210168
490281011	401508
490281011	559275
490281011	564982
490282011	401504
490285011	101848
490285011	501059
490287011	401560
490287011	407060
490287011	559275
4909301051	507907
4910876051	204748
4910877051	551826
4910878051	401632
4910893051	567515
491185011	407902
491191011	200480
491238011	101893
492046	208713
492046	209085
492046	209087
492046	209180
492046	209181
492046	401767
492048	209036
492052	101384
492052	101934
492052	101938
492052	200512
492052	200520
492052	200523
492052	203063
492052	208713
492052	208719
492052	208760
492052	208858
492052	208940
492052	208957
492052	208962
492052	209056
492052	209080
492052	209081
492052	209085
492052	209183
492052	562179
492054	208713
492060	209059
492060	209062
492062	101937
492062	209039
492064	208713
492064	209042
492064	209043
492066	101384
492066	200519
492066	200523
492066	208713
492066	209068
492066	209130
492066	209183
492066	211672
492066	301744
492076	200520
492076	203063
492076	208676
492076	208679
492076	208713
492076	208719
492076	208918
492076	208919
492076	209041
492076	209183
492088	208926
492090	202009
492116	101934
492116	200497
492116	200498
492116	200499
492116	200504
492116	203063
492116	208713
492116	208941
492116	208945
492116	209028
492116	209066
492116	209172
492116	301713
492116	507877
492118	200512
492118	203063
492118	208713
492118	208967
492118	209028
492120	200512
492120	200520
492120	203063
492120	208670
492120	208672
492120	208713
492120	208719
492120	208725
492120	208933
492120	208957
492120	209037
492120	209061
492122	200523
492122	203063
492122	208713
492122	208788
492122	208881
492122	208967
492122	208969
492122	208986
492122	209053
492122	209080
492124	200499
492124	208713
492124	208947
492124	209028
492126	101290
492126	101935
492126	203063
492126	208713
492126	208719
492126	208940
492126	208947
492126	208967
492126	208979
492128	101938
492128	101943
492128	200504
492128	200524
492128	203063
492128	208692
492128	208711
492128	208713
492128	208733
492128	208883
492128	208884
492128	208887
492128	208918
492128	208919
492128	208979
492128	208995
492128	209028
492128	405428
492128	551180
492130	101939
492130	200498
492130	200504
492130	200511
492130	200523
492130	200524
492130	203054
492130	203063
492130	208693
492130	208713
492130	208733
492130	208881
492130	208918
492130	208919
492130	208927
492130	208936
492130	208970
492130	208971
492130	208972
492130	209118
492130	209337
492132	208713
492134	208713
492134	208967
492140	209081
492146	203063
492146	208965
492150	208713
492152	200486
492152	200523
492152	203063
492152	208725
492152	208877
492158	101934
492158	200501
492158	203063
492158	208919
492158	208942
492160	200502
492160	203063
492160	208713
492162	200501
492162	203063
492164	208713
492166	208713
492168	200500
492168	203063
492168	208713
492168	208919
492168	208957
492170	200503
492170	208707
492170	208713
492170	208719
492170	209179
492170	209180
492170	209183
492170	213625
492170	565495
492178	101934
492180	101238
492180	101925
492180	101935
492180	203063
492180	208713
492180	209112
492180	565495
492182	200503
492182	203063
492182	208713
492182	209180
492186	209169
492206	216058
492206	505560
492216	209068
492218	200480
492228	202009
492228	208725
492236	203063
492236	208713
492236	208936
492236	209212
492236	560271
492242	209180
492242	565272
492244	112816
492246	200507
492250	208987
492252	203063
492252	209312
492262	200479
492262	203063
492262	205897
492262	208713
492262	208719
492262	208881
492262	208970
492262	406323
492276	208844
492276	507870
492280	206440
492284	200511
492288	208713
492288	208741
492290	216012
492292	200486
492292	208800
492292	208920
492294	112859
492294	208713
492294	208788
492294	209172
492294	408052
492294	568338
492296	203063
492302	101938
492302	208775
492302	215361
492312	101379
492312	200488
492316	101867
492316	201590
492316	203063
492316	208713
492316	208775
492316	210274
492322	203063
492322	208713
492322	208733
492322	208734
492322	208970
492330	203063
492332	203063
492332	503177
492334	209039
492334	209160
492336	209093
492342	208713
492342	403503
492344	208713
492344	209039
492344	209174
492344	401322
492346	200479
492346	403503
492350	101935
492350	203063
492350	208713
492352	209118
492356	203063
492356	208713
492356	565495
492372	200502
492372	203063
492372	208713
492372	208881
492372	208919
492372	208936
492372	208955
492374	208713
492378	101925
492378	200480
492378	203054
492378	203063
492378	208713
492380	208713
492386	208883
492392	203063
492392	208713
492392	208876
492392	208970
492392	213714
492394	101943
492394	200523
492394	203063
492394	208713
492394	208880
492394	208881
492394	208917
492394	208936
492394	208979
492396	101939
492396	203063
492396	208877
492396	208918
492396	208919
492396	208970
492398	101938
492398	200502
492398	200504
492398	203063
492398	208713
492398	208719
492398	208733
492398	208881
492398	208919
492398	208936
492398	209173
492404	101938
492404	200523
492404	203063
492404	208710
492404	208711
492404	208713
492404	208719
492404	208733
492404	208877
492404	208884
492404	208894
492404	208919
492404	208936
492404	209085
492404	209173
492408	203063
492408	565089
499786	200524
499786	203063
499786	208713
499786	208919
499786	411421
499808	200525
499878	208920
500062	101934
500062	203063
500062	216751
500102	101930
500102	200498
500102	208713
500102	208760
500102	208945
500102	208967
500102	209036
500102	209056
500102	209068
500128	208713
500128	208723
500128	208877
500128	209070
500230	208713
500366	208693
500824	209176
500870	101938
500870	209174
500878	209173
500888	208666
500960	203063
500960	208708
500960	208713
500960	208719
500960	209180
501018	208713
5013077051	507588
5013084051	204586
5013084051	211789
5013084051	565105
5013093051	559275
5018311051	200444
503496	211727
503512	208713
503512	208725
503512	209179
503566	101930
503566	203063
503566	208713
503566	208881
503566	208940
503594	208713
503660	208713
503694	203063
503694	208713
503694	208891
503698	208889
503754	203063
503754	208713
503754	208883
503754	405428
505318	209049
505322	208713
5059078051	212417
5059086051	101766
5059101051	111923
5059101051	211789
5059101051	407036
5059101051	508909
507156	200491
507156	203063
507156	209026
507216	200491
507216	203063
507216	208713
507216	208719
507216	208746
507300	203063
507300	208713
507300	208746
51127011	111923
5122277051	100184
5122278051	101766
5122278051	212417
5122282051	553204
5122282051	563338
515401011	215951
515402011	215913
515402011	564982
515844	203063
515844	208713
518248	563229
518254	200485
5248687051	502782
5248687051	565105
5248689051	563337
5248692051	563337
5248693051	204586
5248693051	502782
5249212051	563337
5249212051	563338
5261015051	215977
5262670051	216663
5263232051	409733
5263234051	207056
5263237051	111120
5263242051	111120
5263243051	111120
5263247051	111120
5263248051	111120
5263250051	563728
5263251051	216307
5263251051	216670
5263259051	201460
5263260051	101838
5263261051	112849
5263271051	100663
5263271051	507835
5263282051	564571
5263288051	101196
5263288051	507866
5263289051	100976
5263289051	502468
5263290051	502467
5263291051	564571
5263295051	304781
5263296051	405390
5267104051	216640
5267105051	216678
5269547051	101860
5271081051	201610
5271082051	568242
5275740051	559279
5275817051	551732
52953051	210695
5297300051	112928
5297304051	566879
5297305051	112928
5297307051	112928
5297308051	564897
5297309051	564897
5297310051	213622
5297312051	213622
5297312051	565689
5297313051	112928
5297313051	565689
5297314051	112928
5297316051	112928
5297319051	400872
5297319051	401435
5297319051	401758
5297321051	112928
5297321051	400872
5297322051	112928
5297323051	216079
5297323051	564897
52974051	101878
5297576051	112919
5297576051	404386
5297576051	560283
5301872051	408507
5301872051	560271
5301873051	402667
5301873051	404386
5301873051	560271
5301874051	402667
5302999051	201872
5303005051	563162
5303014051	566512
5303036051	112919
53043051	405324
53045051	503087
5306278051	101870
5306278051	565407
5307837051	500314
5309997051	101914
5309997051	201610
531712	563889
5329532051	565436
5329753051	201670
5329753051	204174
5334402051	506611
5334993051	101848
5335626051	201606
5335626051	201610
5335922051	205113
5335922051	563740
5335923051	404390
5335923051	507910
5341878051	400464
5341878051	508180
5341891051	400412
5341894051	215479
5341900051	203109
5341907051	566796
5341929051	215694
5344216051	111470
5344216051	215994
5344216051	406401
5346537051	201926
5346537051	204309
5346537051	208108
5346537051	403735
5347780051	565607
5347782051	210176
5347783051	210176
5350419051	402086
5350421051	101893
5350421051	501994
5359586051	564419
5359587051	101839
5359587051	564565
5359588051	112814
5359588051	565446
5359589051	564565
5361901051	207659
5361903051	207662
5363151051	204173
5363152051	204173
5363153051	216111
5383075051	101838
5383075051	112814
5383075051	564565
5383076051	564565
5383076051	568628
5383078051	101845
5383078051	216114
5383078051	406431
538542	567215
538546	203063
538546	208713
5387954051	565205
5388154051	101870
5388155051	101737
5388158051	101870
5389905051	204173
5400421051	204964
5400421051	204973
548206	101930
548206	200486
548206	200491
548206	200503
548206	200523
548206	200525
548206	203063
548206	208713
548206	208731
548206	208933
548206	208936
548206	209024
548206	209025
548206	209026
548206	209028
548206	209036
548206	210830
548206	505560
5498639051	211741
5498639051	506604
5498639051	565955
5506043051	112919
554120	208678
554120	208713
554120	563689
554190	200524
554190	203063
554190	208620
554190	208630
554190	208713
554190	208925
554190	208926
554210	101991
554210	200487
554210	200511
554210	200512
554210	200515
554210	200518
554210	200523
554210	203063
554210	208679
554210	208680
554210	208681
554210	208713
554210	208719
554210	208778
554210	208881
554210	208967
554210	208987
554210	209036
554210	209037
554210	209042
554210	209043
554210	209049
554210	209080
554210	209081
554210	209180
554210	209183
554210	211672
554232	208713
554232	208719
554232	208790
554232	209168
554232	209170
554270	101935
554270	101939
554270	101991
554270	112779
554270	200480
554270	200487
554270	203063
554270	208713
554270	208822
554270	211727
554284	208918
554284	208919
554284	208970
561532	208713
562058	505042
569170	101254
569170	406229
569174	553617
569186	101314
569218	300122
569248	300323
569290	101254
569292	101951
569292	406229
569380	500062
569380	500086
569432	101254
569432	200479
569432	209160
569432	406229
571582	200496
571582	208881
571584	200512
571584	203063
571584	208725
571588	203063
571588	208713
571588	208719
5719732051	101848
5719733051	101848
5719733051	559275
5719736051	100017
5719736051	101848
5719736051	111923
5719738051	101848
5719745051	101848
5719746051	564984
5719750051	101848
5719752051	566140
5719756051	101848
5719757051	111923
5719779051	101848
5719780051	101848
5719798051	101848
5719799051	101848
5719804051	101848
5719805051	101848
5719806051	101848
5719807051	501898
5719810051	101848
5719810051	111923
5719811051	101848
5719812051	101848
5719814051	101848
5719817051	401320
5719819051	101848
5719819051	401430
5719822051	101848
5719825051	111923
5719825051	401372
5719827051	101848
5719828051	101848
5719829051	101848
5719832051	101848
575664	200479
5773656051	506105
579700	200191
579700	300326
5803575051	410638
5803576051	101142
5809460051	101848
5809468051	101848
5809468051	566137
5809476051	101848
5809480051	101848
5809481051	100733
5809481051	559275
5809484051	101848
5809490051	101848
5809492051	101848
5809499051	101848
5809502051	508488
5809502051	566136
5809508051	501062
5842455051	215256
5842456051	101737
5883608051	552480
5890507051	212621
5890507051	565181
5950455051	205613
5950456051	505140
5950457051	215667
5950461051	101833
5950462051	205613
5950468051	101893
5950468051	111470
5950468051	205718
5950468051	300815
5950468051	508297
5950468051	559275
5950469051	101871
5950469051	201632
5950469051	216158
5950469051	508289
5950469051	565676
5950470051	508289
5950471051	300815
5950472051	508297
5975597051	560287
5975597051	565769
5995309051	501635
5995309051	568671
5995310051	501634
5995312051	501634
5995312051	501637
5995313051	111986
6034764051	501635
6034765051	214353
6061792051	502835
6061792051	567204
6061793051	502835
6061794051	500247
6061794051	567204
6062217051	101848
6111125051	302623
6111330051	100687
6111330051	101837
6111331051	101837
6111333051	100687
6111333051	300423
6111334051	101837
6111335051	101837
6111336051	301540
6111654051	215326
6111654051	215346
6140043051	215927
6140043051	559275
6140044051	215913
6140045051	559215
6140046051	101833
6140047051	101857
6140051051	215913
6140058051	559203
6140058051	559275
6140060051	215976
6140064051	401389
6140065051	401389
6140065051	501909
6140065051	559275
6140066051	401389
6140068051	559247
6140073051	101833
6155139051	101848
6155140051	101848
615953011	560412
615953011	565136
615963011	400616
615963011	553204
6160461051	406380
6227301051	404390
6350287051	101129
6350289051	101129
637662	100113
637882	201612
6422734051	213748
6422735051	201589
6422740051	201589
6422740051	213748
6422747051	201589
675631011	110123
675632011	551116
675634011	552436
675636011	200137
675653011	101768
675664011	563338
675682011	110110
675682011	551180
675682011	564286
675693011	110238
675693011	112816
675693011	213289
675693011	565507
675709011	111377
675726011	101767
675726011	564505
675782011	555495
6766139051	208316
6766139051	210413
688996	101753
689084	100121
689132	211655
6895876051	101915
6895876051	565955
6895881051	565955
6895882051	565955
6905040051	403770
71304051	100361
71304051	201439
71314051	100992
71340051	301366
71427051	213980
71431051	213980
71436051	101031
71441051	101061
71456051	506536
71458051	304902
71485051	201393
71523051	100361
71532051	200029
71559051	100351
71559051	100361
71568051	559936
71570051	402589
71576051	408234
71581051	214805
7206539051	112919
7206543051	405421
720690	208969
720786	101290
720786	208713
7228967051	211741
7237015051	565708
7237016051	565710
7237037051	206151
7237037051	206271
7237037051	215297
7237078051	206287
7237079051	206271
7251473051	211492
7251473051	560412
7251477051	567204
7268567051	202481
7268569051	510236
746102	203063
746102	208713
7560582051	100636
7654643051	565881
769264	406229
769264	505042
772334	208713
7780677051	101739
7780797051	215364
7840821051	401758
7840823051	566195
7840827051	101859
7840829051	216087
7840831051	112816
7840833051	200053
7840834051	568692
7840835051	111388
7840836051	566130
7840839051	101859
7840839051	112816
7840839051	400795
7949943051	101859
7949943051	207738
7949943051	300823
7962520051	205568
7962521051	300380
7963721051	100844
7963722051	401443
7963723051	101833
7963723051	202534
7963723051	210168
7963723051	215774
7963723051	406384
7963754051	101848
7963754051	401323
7963754051	566152
7963754051	568203
7967511051	568629
7993633051	112241
7993633051	201589
7997001051	404148
8002936051	301408
8002940051	401417
8003686051	559275
8004466051	101848
8006175051	551191
8006176051	551196
8019280051	401026
8019283051	101914
8019284051	401026
8019285051	300405
8019286051	568378
8068685051	210427
8068687051	204173
8104633051	216102
8104633051	216280
8104633051	401767
8104633051	503249
8112799051	204165
8117687051	565303
8117688051	409640
8117689051	101737
8117905051	101871
8117905051	112779
8119213051	112779
8119213051	216102
8119213051	216114
8119213051	558663
8119213051	565493
8119213051	565494
8119213051	567410
8119213051	567411
8119213051	567417
8119216051	216099
8119217051	567407
8119218051	101870
8119221051	567804
8119222051	216102
8119222051	401767
8119223051	111224
8119223051	567417
8133276051	210433
8135304051	563338
8135306051	560278
8135307051	112779
8135314051	402667
8135314051	408507
8135314051	560271
8135315051	402667
8135315051	408507
8135316051	302145
8135316051	408507
8135319051	560059
8135322051	560287
8135323051	560287
8135327051	112779
8135331051	402667
8135721051	204173
8172500051	563313
8172501051	201897
8172501051	563313
8178974051	401651
8185207051	510356
8185208051	205207
8185208051	402788
8186235051	402788
8191593051	565458
8191595051	112779
8191595051	212633
8191595051	553249
8191595051	565458
8191597051	300464
8413295051	200832
8413295051	204788
8413295051	407005
8415839051	101828
8417468051	551699
8417538051	303097
8417540051	211741
8417567051	211741
8417567051	550925
8417568051	211741
8417569051	101751
8418450051	101751
8418450051	567185
8420839051	215767
8420839051	559275
8433625051	401532
8436174051	565710
8436495051	402667
8443133051	112908
8443133051	565840
8443133051	565843
8451787051	567539
8451788051	507588
8451789051	208532
8451790051	567540
84729051	204173
8477260051	402667
8477260051	408507
84821051	502824
8486179051	209333
8499581051	101893
8499586051	501185
8499646051	201460
8516360051	216681
8516361051	112779
8518028051	204173
8518029051	204173
8518032051	204173
8518033051	204173
8518033051	210427
8518034051	204173
8518034051	501909
8518035051	204173
8521792051	101893
8522140051	101737
8522146051	101870
8522148051	101737
8522148051	112779
8522148051	565513
8522151051	112794
8522151051	567406
8522153051	101737
8522153051	112779
8522153051	210412
8522157051	112779
8522160051	112794
8522160051	210412
8522160051	216108
8522161051	112779
8522161051	210412
8522862051	101737
8522862051	112779
8522865051	112779
85396051	200156
85398051	200156
85400051	200156
85405051	567200
85405051	567204
85406051	502835
85407051	205909
85413051	567189
85415051	568559
85426051	101129
85427051	101129
85427051	209468
85427051	403512
85427051	560287
85427051	564421
86251051	207288
86888051	101737
86898051	551180
86898051	565464
86898051	567065
86899051	100017
86899051	215250
86899051	565464
86899051	566143
86900051	565288
86901051	202546
86902051	409613
86903051	502621
86903051	565464
86906051	100881
86942051	110042
87758051	204688
87777051	302445
87778051	101893
87778051	111926
87778051	111967
87778051	200480
87778051	201926
87778051	204309
87778051	208108
87778051	208113
87778051	403735
87780051	201926
87780051	204309
87780051	565833
87783051	205059
87791051	201899
87791051	208108
87791051	208113
87791051	565841
87793051	201926
87793051	208113
87794051	208113
87802051	565841
88724051	401160
88726051	508422
88746051	101828
88746051	203056
88753051	213944
88755051	213945
88756051	568494
89091051	100930
89091051	216041
89094051	203109
89094051	301693
89094051	567467
89096051	216053
89116051	301772
89118051	112782
89119051	112782
89122051	101872
89124051	301692
89125051	101872
89128051	301693
89133051	101845
89133051	101872
89134051	101845
89134051	201588
89134051	301693
89134051	566116
89135051	301688
89136051	406611
89139051	300423
89139051	301722
89144051	101872
89145051	300399
89145051	301722
89145051	565652
89148051	101872
89148051	112779
89154051	565668
89155051	112782
89155051	203109
89155051	301748
89170051	112782
89173051	101872
89175051	101872
89176051	301718
89181051	101872
89183051	101872
89183051	301698
89183051	563338
89184051	301748
89184051	301772
89186051	567542
89188051	565657
89189051	101872
89192051	565658
89196051	201588
89196051	213784
89199051	111163
89199051	205836
89203051	111178
89204051	111177
89204051	111179
89204051	112786
89212051	111179
89213051	565659
89219051	201588
89219051	303145
89223051	101872
89223051	401707
89224051	101872
89224051	567751
89225051	215271
89225051	401689
89230051	205748
89230051	301733
89230051	301747
89232051	301739
89235051	210931
89236051	301733
89237051	112816
89237051	205746
89237051	205879
89237051	566195
89238051	205748
89240051	301731
89241051	101872
89241051	301745
89241051	301747
89243051	101872
89243051	565649
89244051	401712
89250051	301592
89254051	112782
89255051	112782
89256051	301704
89257051	101872
89257051	301693
89257051	301718
89257051	565650
89260051	216040
89262051	567731
89264051	216039
89265051	406689
89268051	300421
89271051	301722
89276051	100844
89276051	215774
89279051	203109
89279051	215698
89280051	215774
89282051	203109
89282051	205534
89283051	101833
89283051	203109
89283051	301722
89283051	551173
89286051	215525
89292051	500281
89296051	211741
89298051	301722
89299051	215775
89308051	303154
89310051	301648
89311051	568682
89313051	100040
89313051	111145
89313051	111167
89313051	401669
89318051	401669
89319051	111145
89325051	101873
89325051	301648
89329051	301781
89336051	112779
89336051	205834
89336051	565459
89337051	112928
89337051	301785
89337051	400872
89339051	205818
89339051	216054
89339051	301648
89339051	301772
89345051	112928
89345051	505570
89349051	401669
89349051	408639
89350051	301638
89351051	301792
89352051	205880
89353051	112779
89357051	112928
89357051	301785
89360051	212621
89382051	100915
89382051	112779
89382051	210423
89382051	565379
89383051	101914
89387051	401707
89390051	203054
89390051	301789
89393051	205832
89395051	301740
89395051	565527
89397051	201606
89397051	216080
89399051	565692
89400051	505578
89402051	301714
89403051	101875
89405051	101875
89405051	205270
89406051	301742
89407051	401752
89408051	101875
89409051	101875
89410051	301718
89411051	401740
89412051	101875
89413051	101875
89413051	201610
89414051	401740
89416051	301717
89417051	101875
89418051	101875
89419051	216058
89420051	101875
89421051	101875
89423051	216058
89426051	213622
89426051	301789
89426051	301793
89426051	565379
89429051	301621
89429051	301693
89432051	301621
89447051	301648
89448051	205822
89449051	111167
89449051	205822
89455051	205839
89456051	100930
89456051	101916
89456051	216041
89457051	205838
89460051	301669
89464051	210194
89618051	559939
89690051	200832
89690051	401160
91583011	507875
92096011	507874
97635011	101297
97635011	507874
97635011	507875
97635011	507878
97635011	507881
99447011	507880
